ERROR - 2025-09-18 08:03:36 --> Error connecting to the database: mysqli_sql_exception: No connection could be made because the target machine actively refused it in D:\xampp\htdocs\personnel\vendor\codeigniter4\framework\system\Database\MySQLi\Connection.php:174
Stack trace:
#0 D:\xampp\htdocs\personnel\vendor\codeigniter4\framework\system\Database\MySQLi\Connection.php(174): mysqli->real_connect('localhost', 'root', '', 'skjacth_personn...', 3306, '', 0)
#1 D:\xampp\htdocs\personnel\vendor\codeigniter4\framework\system\Database\BaseConnection.php(391): CodeIgniter\Database\MySQLi\Connection->connect(false)
#2 D:\xampp\htdocs\personnel\vendor\codeigniter4\framework\system\Database\BaseConnection.php(574): CodeIgniter\Database\BaseConnection->initialize()
#3 D:\xampp\htdocs\personnel\vendor\codeigniter4\framework\system\Database\BaseBuilder.php(1616): CodeIgniter\Database\BaseConnection->query('SELECT *\nFROM `...', Array, false)
#4 D:\xampp\htdocs\personnel\app\Controllers\ConUserPaEvaluation.php(90): CodeIgniter\Database\BaseBuilder->get()
#5 D:\xampp\htdocs\personnel\vendor\codeigniter4\framework\system\CodeIgniter.php(934): App\Controllers\ConUserPaEvaluation->paForm('pers_004')
#6 D:\xampp\htdocs\personnel\vendor\codeigniter4\framework\system\CodeIgniter.php(499): CodeIgniter\CodeIgniter->runController(Object(App\Controllers\ConUserPaEvaluation))
#7 D:\xampp\htdocs\personnel\vendor\codeigniter4\framework\system\CodeIgniter.php(368): CodeIgniter\CodeIgniter->handleRequest(NULL, Object(Config\Cache), false)
#8 D:\xampp\htdocs\personnel\index.php(67): CodeIgniter\CodeIgniter->run()
#9 {main}

Next CodeIgniter\Database\Exceptions\DatabaseException: No connection could be made because the target machine actively refused it in D:\xampp\htdocs\personnel\vendor\codeigniter4\framework\system\Database\MySQLi\Connection.php:218
Stack trace:
#0 D:\xampp\htdocs\personnel\vendor\codeigniter4\framework\system\Database\BaseConnection.php(391): CodeIgniter\Database\MySQLi\Connection->connect(false)
#1 D:\xampp\htdocs\personnel\vendor\codeigniter4\framework\system\Database\BaseConnection.php(574): CodeIgniter\Database\BaseConnection->initialize()
#2 D:\xampp\htdocs\personnel\vendor\codeigniter4\framework\system\Database\BaseBuilder.php(1616): CodeIgniter\Database\BaseConnection->query('SELECT *\nFROM `...', Array, false)
#3 D:\xampp\htdocs\personnel\app\Controllers\ConUserPaEvaluation.php(90): CodeIgniter\Database\BaseBuilder->get()
#4 D:\xampp\htdocs\personnel\vendor\codeigniter4\framework\system\CodeIgniter.php(934): App\Controllers\ConUserPaEvaluation->paForm('pers_004')
#5 D:\xampp\htdocs\personnel\vendor\codeigniter4\framework\system\CodeIgniter.php(499): CodeIgniter\CodeIgniter->runController(Object(App\Controllers\ConUserPaEvaluation))
#6 D:\xampp\htdocs\personnel\vendor\codeigniter4\framework\system\CodeIgniter.php(368): CodeIgniter\CodeIgniter->handleRequest(NULL, Object(Config\Cache), false)
#7 D:\xampp\htdocs\personnel\index.php(67): CodeIgniter\CodeIgniter->run()
#8 {main}
CRITICAL - 2025-09-18 08:03:36 --> Unable to connect to the database.
Main connection [MySQLi]: No connection could be made because the target machine actively refused it
in SYSTEMPATH\Database\BaseConnection.php on line 427.
 1 SYSTEMPATH\Database\BaseConnection.php(574): CodeIgniter\Database\BaseConnection->initialize()
 2 SYSTEMPATH\Database\BaseBuilder.php(1616): CodeIgniter\Database\BaseConnection->query('SELECT *
FROM `tb_personnel`
WHERE `pers_id` = :pers_id:', [...], false)
 3 APPPATH\Controllers\ConUserPaEvaluation.php(90): CodeIgniter\Database\BaseBuilder->get()
 4 SYSTEMPATH\CodeIgniter.php(934): App\Controllers\ConUserPaEvaluation->paForm('pers_004')
 5 SYSTEMPATH\CodeIgniter.php(499): CodeIgniter\CodeIgniter->runController(Object(App\Controllers\ConUserPaEvaluation))
 6 SYSTEMPATH\CodeIgniter.php(368): CodeIgniter\CodeIgniter->handleRequest(null, Object(Config\Cache), false)
 7 FCPATH\index.php(67): CodeIgniter\CodeIgniter->run()
ERROR - 2025-09-18 08:03:57 --> Error connecting to the database: ErrorException: mysqli::real_connect(): Error while reading greeting packet. PID=5816 in D:\xampp\htdocs\personnel\vendor\codeigniter4\framework\system\Database\MySQLi\Connection.php:174
Stack trace:
#0 [internal function]: CodeIgniter\Debug\Exceptions->errorHandler(2, 'mysqli::real_co...', 'D:\\xampp\\htdocs...', 174)
#1 D:\xampp\htdocs\personnel\vendor\codeigniter4\framework\system\Database\MySQLi\Connection.php(174): mysqli->real_connect('localhost', 'root', '', 'skjacth_personn...', 3306, '', 0)
#2 D:\xampp\htdocs\personnel\vendor\codeigniter4\framework\system\Database\BaseConnection.php(391): CodeIgniter\Database\MySQLi\Connection->connect(false)
#3 D:\xampp\htdocs\personnel\vendor\codeigniter4\framework\system\Database\BaseConnection.php(574): CodeIgniter\Database\BaseConnection->initialize()
#4 D:\xampp\htdocs\personnel\vendor\codeigniter4\framework\system\Database\BaseBuilder.php(1616): CodeIgniter\Database\BaseConnection->query('SELECT *\nFROM `...', Array, false)
#5 D:\xampp\htdocs\personnel\app\Controllers\ConUserPaEvaluation.php(90): CodeIgniter\Database\BaseBuilder->get()
#6 D:\xampp\htdocs\personnel\vendor\codeigniter4\framework\system\CodeIgniter.php(934): App\Controllers\ConUserPaEvaluation->paForm('pers_004')
#7 D:\xampp\htdocs\personnel\vendor\codeigniter4\framework\system\CodeIgniter.php(499): CodeIgniter\CodeIgniter->runController(Object(App\Controllers\ConUserPaEvaluation))
#8 D:\xampp\htdocs\personnel\vendor\codeigniter4\framework\system\CodeIgniter.php(368): CodeIgniter\CodeIgniter->handleRequest(NULL, Object(Config\Cache), false)
#9 D:\xampp\htdocs\personnel\index.php(67): CodeIgniter\CodeIgniter->run()
#10 {main}

Next mysqli_sql_exception: MySQL server has gone away in D:\xampp\htdocs\personnel\vendor\codeigniter4\framework\system\Database\MySQLi\Connection.php:174
Stack trace:
#0 D:\xampp\htdocs\personnel\vendor\codeigniter4\framework\system\Database\MySQLi\Connection.php(174): mysqli->real_connect('localhost', 'root', '', 'skjacth_personn...', 3306, '', 0)
#1 D:\xampp\htdocs\personnel\vendor\codeigniter4\framework\system\Database\BaseConnection.php(391): CodeIgniter\Database\MySQLi\Connection->connect(false)
#2 D:\xampp\htdocs\personnel\vendor\codeigniter4\framework\system\Database\BaseConnection.php(574): CodeIgniter\Database\BaseConnection->initialize()
#3 D:\xampp\htdocs\personnel\vendor\codeigniter4\framework\system\Database\BaseBuilder.php(1616): CodeIgniter\Database\BaseConnection->query('SELECT *\nFROM `...', Array, false)
#4 D:\xampp\htdocs\personnel\app\Controllers\ConUserPaEvaluation.php(90): CodeIgniter\Database\BaseBuilder->get()
#5 D:\xampp\htdocs\personnel\vendor\codeigniter4\framework\system\CodeIgniter.php(934): App\Controllers\ConUserPaEvaluation->paForm('pers_004')
#6 D:\xampp\htdocs\personnel\vendor\codeigniter4\framework\system\CodeIgniter.php(499): CodeIgniter\CodeIgniter->runController(Object(App\Controllers\ConUserPaEvaluation))
#7 D:\xampp\htdocs\personnel\vendor\codeigniter4\framework\system\CodeIgniter.php(368): CodeIgniter\CodeIgniter->handleRequest(NULL, Object(Config\Cache), false)
#8 D:\xampp\htdocs\personnel\index.php(67): CodeIgniter\CodeIgniter->run()
#9 {main}

Next CodeIgniter\Database\Exceptions\DatabaseException: MySQL server has gone away in D:\xampp\htdocs\personnel\vendor\codeigniter4\framework\system\Database\MySQLi\Connection.php:218
Stack trace:
#0 D:\xampp\htdocs\personnel\vendor\codeigniter4\framework\system\Database\BaseConnection.php(391): CodeIgniter\Database\MySQLi\Connection->connect(false)
#1 D:\xampp\htdocs\personnel\vendor\codeigniter4\framework\system\Database\BaseConnection.php(574): CodeIgniter\Database\BaseConnection->initialize()
#2 D:\xampp\htdocs\personnel\vendor\codeigniter4\framework\system\Database\BaseBuilder.php(1616): CodeIgniter\Database\BaseConnection->query('SELECT *\nFROM `...', Array, false)
#3 D:\xampp\htdocs\personnel\app\Controllers\ConUserPaEvaluation.php(90): CodeIgniter\Database\BaseBuilder->get()
#4 D:\xampp\htdocs\personnel\vendor\codeigniter4\framework\system\CodeIgniter.php(934): App\Controllers\ConUserPaEvaluation->paForm('pers_004')
#5 D:\xampp\htdocs\personnel\vendor\codeigniter4\framework\system\CodeIgniter.php(499): CodeIgniter\CodeIgniter->runController(Object(App\Controllers\ConUserPaEvaluation))
#6 D:\xampp\htdocs\personnel\vendor\codeigniter4\framework\system\CodeIgniter.php(368): CodeIgniter\CodeIgniter->handleRequest(NULL, Object(Config\Cache), false)
#7 D:\xampp\htdocs\personnel\index.php(67): CodeIgniter\CodeIgniter->run()
#8 {main}
CRITICAL - 2025-09-18 08:03:57 --> Unable to connect to the database.
Main connection [MySQLi]: MySQL server has gone away
in SYSTEMPATH\Database\BaseConnection.php on line 427.
 1 SYSTEMPATH\Database\BaseConnection.php(574): CodeIgniter\Database\BaseConnection->initialize()
 2 SYSTEMPATH\Database\BaseBuilder.php(1616): CodeIgniter\Database\BaseConnection->query('SELECT *
FROM `tb_personnel`
WHERE `pers_id` = :pers_id:', [...], false)
 3 APPPATH\Controllers\ConUserPaEvaluation.php(90): CodeIgniter\Database\BaseBuilder->get()
 4 SYSTEMPATH\CodeIgniter.php(934): App\Controllers\ConUserPaEvaluation->paForm('pers_004')
 5 SYSTEMPATH\CodeIgniter.php(499): CodeIgniter\CodeIgniter->runController(Object(App\Controllers\ConUserPaEvaluation))
 6 SYSTEMPATH\CodeIgniter.php(368): CodeIgniter\CodeIgniter->handleRequest(null, Object(Config\Cache), false)
 7 FCPATH\index.php(67): CodeIgniter\CodeIgniter->run()
ERROR - 2025-09-18 08:04:23 --> Error connecting to the database: ErrorException: mysqli::real_connect(): Error while reading greeting packet. PID=5816 in D:\xampp\htdocs\personnel\vendor\codeigniter4\framework\system\Database\MySQLi\Connection.php:174
Stack trace:
#0 [internal function]: CodeIgniter\Debug\Exceptions->errorHandler(2, 'mysqli::real_co...', 'D:\\xampp\\htdocs...', 174)
#1 D:\xampp\htdocs\personnel\vendor\codeigniter4\framework\system\Database\MySQLi\Connection.php(174): mysqli->real_connect('localhost', 'root', '', 'skjacth_personn...', 3306, '', 0)
#2 D:\xampp\htdocs\personnel\vendor\codeigniter4\framework\system\Database\BaseConnection.php(391): CodeIgniter\Database\MySQLi\Connection->connect(false)
#3 D:\xampp\htdocs\personnel\vendor\codeigniter4\framework\system\Database\BaseConnection.php(574): CodeIgniter\Database\BaseConnection->initialize()
#4 D:\xampp\htdocs\personnel\vendor\codeigniter4\framework\system\Database\BaseBuilder.php(1616): CodeIgniter\Database\BaseConnection->query('SELECT *\nFROM `...', Array, false)
#5 D:\xampp\htdocs\personnel\app\Controllers\ConUserPaEvaluation.php(90): CodeIgniter\Database\BaseBuilder->get()
#6 D:\xampp\htdocs\personnel\vendor\codeigniter4\framework\system\CodeIgniter.php(934): App\Controllers\ConUserPaEvaluation->paForm('pers_004')
#7 D:\xampp\htdocs\personnel\vendor\codeigniter4\framework\system\CodeIgniter.php(499): CodeIgniter\CodeIgniter->runController(Object(App\Controllers\ConUserPaEvaluation))
#8 D:\xampp\htdocs\personnel\vendor\codeigniter4\framework\system\CodeIgniter.php(368): CodeIgniter\CodeIgniter->handleRequest(NULL, Object(Config\Cache), false)
#9 D:\xampp\htdocs\personnel\index.php(67): CodeIgniter\CodeIgniter->run()
#10 {main}

Next mysqli_sql_exception: MySQL server has gone away in D:\xampp\htdocs\personnel\vendor\codeigniter4\framework\system\Database\MySQLi\Connection.php:174
Stack trace:
#0 D:\xampp\htdocs\personnel\vendor\codeigniter4\framework\system\Database\MySQLi\Connection.php(174): mysqli->real_connect('localhost', 'root', '', 'skjacth_personn...', 3306, '', 0)
#1 D:\xampp\htdocs\personnel\vendor\codeigniter4\framework\system\Database\BaseConnection.php(391): CodeIgniter\Database\MySQLi\Connection->connect(false)
#2 D:\xampp\htdocs\personnel\vendor\codeigniter4\framework\system\Database\BaseConnection.php(574): CodeIgniter\Database\BaseConnection->initialize()
#3 D:\xampp\htdocs\personnel\vendor\codeigniter4\framework\system\Database\BaseBuilder.php(1616): CodeIgniter\Database\BaseConnection->query('SELECT *\nFROM `...', Array, false)
#4 D:\xampp\htdocs\personnel\app\Controllers\ConUserPaEvaluation.php(90): CodeIgniter\Database\BaseBuilder->get()
#5 D:\xampp\htdocs\personnel\vendor\codeigniter4\framework\system\CodeIgniter.php(934): App\Controllers\ConUserPaEvaluation->paForm('pers_004')
#6 D:\xampp\htdocs\personnel\vendor\codeigniter4\framework\system\CodeIgniter.php(499): CodeIgniter\CodeIgniter->runController(Object(App\Controllers\ConUserPaEvaluation))
#7 D:\xampp\htdocs\personnel\vendor\codeigniter4\framework\system\CodeIgniter.php(368): CodeIgniter\CodeIgniter->handleRequest(NULL, Object(Config\Cache), false)
#8 D:\xampp\htdocs\personnel\index.php(67): CodeIgniter\CodeIgniter->run()
#9 {main}

Next CodeIgniter\Database\Exceptions\DatabaseException: MySQL server has gone away in D:\xampp\htdocs\personnel\vendor\codeigniter4\framework\system\Database\MySQLi\Connection.php:218
Stack trace:
#0 D:\xampp\htdocs\personnel\vendor\codeigniter4\framework\system\Database\BaseConnection.php(391): CodeIgniter\Database\MySQLi\Connection->connect(false)
#1 D:\xampp\htdocs\personnel\vendor\codeigniter4\framework\system\Database\BaseConnection.php(574): CodeIgniter\Database\BaseConnection->initialize()
#2 D:\xampp\htdocs\personnel\vendor\codeigniter4\framework\system\Database\BaseBuilder.php(1616): CodeIgniter\Database\BaseConnection->query('SELECT *\nFROM `...', Array, false)
#3 D:\xampp\htdocs\personnel\app\Controllers\ConUserPaEvaluation.php(90): CodeIgniter\Database\BaseBuilder->get()
#4 D:\xampp\htdocs\personnel\vendor\codeigniter4\framework\system\CodeIgniter.php(934): App\Controllers\ConUserPaEvaluation->paForm('pers_004')
#5 D:\xampp\htdocs\personnel\vendor\codeigniter4\framework\system\CodeIgniter.php(499): CodeIgniter\CodeIgniter->runController(Object(App\Controllers\ConUserPaEvaluation))
#6 D:\xampp\htdocs\personnel\vendor\codeigniter4\framework\system\CodeIgniter.php(368): CodeIgniter\CodeIgniter->handleRequest(NULL, Object(Config\Cache), false)
#7 D:\xampp\htdocs\personnel\index.php(67): CodeIgniter\CodeIgniter->run()
#8 {main}
CRITICAL - 2025-09-18 08:04:23 --> Unable to connect to the database.
Main connection [MySQLi]: MySQL server has gone away
in SYSTEMPATH\Database\BaseConnection.php on line 427.
 1 SYSTEMPATH\Database\BaseConnection.php(574): CodeIgniter\Database\BaseConnection->initialize()
 2 SYSTEMPATH\Database\BaseBuilder.php(1616): CodeIgniter\Database\BaseConnection->query('SELECT *
FROM `tb_personnel`
WHERE `pers_id` = :pers_id:', [...], false)
 3 APPPATH\Controllers\ConUserPaEvaluation.php(90): CodeIgniter\Database\BaseBuilder->get()
 4 SYSTEMPATH\CodeIgniter.php(934): App\Controllers\ConUserPaEvaluation->paForm('pers_004')
 5 SYSTEMPATH\CodeIgniter.php(499): CodeIgniter\CodeIgniter->runController(Object(App\Controllers\ConUserPaEvaluation))
 6 SYSTEMPATH\CodeIgniter.php(368): CodeIgniter\CodeIgniter->handleRequest(null, Object(Config\Cache), false)
 7 FCPATH\index.php(67): CodeIgniter\CodeIgniter->run()
ERROR - 2025-09-18 08:04:43 --> Error connecting to the database: ErrorException: mysqli::real_connect(): Error while reading greeting packet. PID=5816 in D:\xampp\htdocs\personnel\vendor\codeigniter4\framework\system\Database\MySQLi\Connection.php:174
Stack trace:
#0 [internal function]: CodeIgniter\Debug\Exceptions->errorHandler(2, 'mysqli::real_co...', 'D:\\xampp\\htdocs...', 174)
#1 D:\xampp\htdocs\personnel\vendor\codeigniter4\framework\system\Database\MySQLi\Connection.php(174): mysqli->real_connect('localhost', 'root', '', 'skjacth_personn...', 3306, '', 0)
#2 D:\xampp\htdocs\personnel\vendor\codeigniter4\framework\system\Database\BaseConnection.php(391): CodeIgniter\Database\MySQLi\Connection->connect(false)
#3 D:\xampp\htdocs\personnel\vendor\codeigniter4\framework\system\Database\BaseConnection.php(574): CodeIgniter\Database\BaseConnection->initialize()
#4 D:\xampp\htdocs\personnel\vendor\codeigniter4\framework\system\Database\BaseBuilder.php(1616): CodeIgniter\Database\BaseConnection->query('SELECT *\nFROM `...', Array, false)
#5 D:\xampp\htdocs\personnel\app\Controllers\ConUserPaEvaluation.php(90): CodeIgniter\Database\BaseBuilder->get()
#6 D:\xampp\htdocs\personnel\vendor\codeigniter4\framework\system\CodeIgniter.php(934): App\Controllers\ConUserPaEvaluation->paForm('pers_004')
#7 D:\xampp\htdocs\personnel\vendor\codeigniter4\framework\system\CodeIgniter.php(499): CodeIgniter\CodeIgniter->runController(Object(App\Controllers\ConUserPaEvaluation))
#8 D:\xampp\htdocs\personnel\vendor\codeigniter4\framework\system\CodeIgniter.php(368): CodeIgniter\CodeIgniter->handleRequest(NULL, Object(Config\Cache), false)
#9 D:\xampp\htdocs\personnel\index.php(67): CodeIgniter\CodeIgniter->run()
#10 {main}

Next mysqli_sql_exception: MySQL server has gone away in D:\xampp\htdocs\personnel\vendor\codeigniter4\framework\system\Database\MySQLi\Connection.php:174
Stack trace:
#0 D:\xampp\htdocs\personnel\vendor\codeigniter4\framework\system\Database\MySQLi\Connection.php(174): mysqli->real_connect('localhost', 'root', '', 'skjacth_personn...', 3306, '', 0)
#1 D:\xampp\htdocs\personnel\vendor\codeigniter4\framework\system\Database\BaseConnection.php(391): CodeIgniter\Database\MySQLi\Connection->connect(false)
#2 D:\xampp\htdocs\personnel\vendor\codeigniter4\framework\system\Database\BaseConnection.php(574): CodeIgniter\Database\BaseConnection->initialize()
#3 D:\xampp\htdocs\personnel\vendor\codeigniter4\framework\system\Database\BaseBuilder.php(1616): CodeIgniter\Database\BaseConnection->query('SELECT *\nFROM `...', Array, false)
#4 D:\xampp\htdocs\personnel\app\Controllers\ConUserPaEvaluation.php(90): CodeIgniter\Database\BaseBuilder->get()
#5 D:\xampp\htdocs\personnel\vendor\codeigniter4\framework\system\CodeIgniter.php(934): App\Controllers\ConUserPaEvaluation->paForm('pers_004')
#6 D:\xampp\htdocs\personnel\vendor\codeigniter4\framework\system\CodeIgniter.php(499): CodeIgniter\CodeIgniter->runController(Object(App\Controllers\ConUserPaEvaluation))
#7 D:\xampp\htdocs\personnel\vendor\codeigniter4\framework\system\CodeIgniter.php(368): CodeIgniter\CodeIgniter->handleRequest(NULL, Object(Config\Cache), false)
#8 D:\xampp\htdocs\personnel\index.php(67): CodeIgniter\CodeIgniter->run()
#9 {main}

Next CodeIgniter\Database\Exceptions\DatabaseException: MySQL server has gone away in D:\xampp\htdocs\personnel\vendor\codeigniter4\framework\system\Database\MySQLi\Connection.php:218
Stack trace:
#0 D:\xampp\htdocs\personnel\vendor\codeigniter4\framework\system\Database\BaseConnection.php(391): CodeIgniter\Database\MySQLi\Connection->connect(false)
#1 D:\xampp\htdocs\personnel\vendor\codeigniter4\framework\system\Database\BaseConnection.php(574): CodeIgniter\Database\BaseConnection->initialize()
#2 D:\xampp\htdocs\personnel\vendor\codeigniter4\framework\system\Database\BaseBuilder.php(1616): CodeIgniter\Database\BaseConnection->query('SELECT *\nFROM `...', Array, false)
#3 D:\xampp\htdocs\personnel\app\Controllers\ConUserPaEvaluation.php(90): CodeIgniter\Database\BaseBuilder->get()
#4 D:\xampp\htdocs\personnel\vendor\codeigniter4\framework\system\CodeIgniter.php(934): App\Controllers\ConUserPaEvaluation->paForm('pers_004')
#5 D:\xampp\htdocs\personnel\vendor\codeigniter4\framework\system\CodeIgniter.php(499): CodeIgniter\CodeIgniter->runController(Object(App\Controllers\ConUserPaEvaluation))
#6 D:\xampp\htdocs\personnel\vendor\codeigniter4\framework\system\CodeIgniter.php(368): CodeIgniter\CodeIgniter->handleRequest(NULL, Object(Config\Cache), false)
#7 D:\xampp\htdocs\personnel\index.php(67): CodeIgniter\CodeIgniter->run()
#8 {main}
CRITICAL - 2025-09-18 08:04:43 --> Unable to connect to the database.
Main connection [MySQLi]: MySQL server has gone away
in SYSTEMPATH\Database\BaseConnection.php on line 427.
 1 SYSTEMPATH\Database\BaseConnection.php(574): CodeIgniter\Database\BaseConnection->initialize()
 2 SYSTEMPATH\Database\BaseBuilder.php(1616): CodeIgniter\Database\BaseConnection->query('SELECT *
FROM `tb_personnel`
WHERE `pers_id` = :pers_id:', [...], false)
 3 APPPATH\Controllers\ConUserPaEvaluation.php(90): CodeIgniter\Database\BaseBuilder->get()
 4 SYSTEMPATH\CodeIgniter.php(934): App\Controllers\ConUserPaEvaluation->paForm('pers_004')
 5 SYSTEMPATH\CodeIgniter.php(499): CodeIgniter\CodeIgniter->runController(Object(App\Controllers\ConUserPaEvaluation))
 6 SYSTEMPATH\CodeIgniter.php(368): CodeIgniter\CodeIgniter->handleRequest(null, Object(Config\Cache), false)
 7 FCPATH\index.php(67): CodeIgniter\CodeIgniter->run()
INFO - 2025-09-18 08:08:58 --> Session: Class initialized using 'CodeIgniter\Session\Handlers\FileHandler' driver.
INFO - 2025-09-18 08:09:03 --> Session: Class initialized using 'CodeIgniter\Session\Handlers\FileHandler' driver.
INFO - 2025-09-18 08:09:07 --> Session: Class initialized using 'CodeIgniter\Session\Handlers\FileHandler' driver.
INFO - 2025-09-18 08:09:38 --> Session: Class initialized using 'CodeIgniter\Session\Handlers\FileHandler' driver.
INFO - 2025-09-18 08:11:30 --> Session: Class initialized using 'CodeIgniter\Session\Handlers\FileHandler' driver.
INFO - 2025-09-18 08:11:32 --> Session: Class initialized using 'CodeIgniter\Session\Handlers\FileHandler' driver.
INFO - 2025-09-18 08:11:34 --> Session: Class initialized using 'CodeIgniter\Session\Handlers\FileHandler' driver.
INFO - 2025-09-18 08:11:41 --> Session: Class initialized using 'CodeIgniter\Session\Handlers\FileHandler' driver.
CRITICAL - 2025-09-18 08:14:45 --> Maximum execution time of 200 seconds exceeded
in SYSTEMPATH\Debug\Exceptions.php on line 170.
 1 [internal function]: CodeIgniter\Debug\Exceptions->shutdownHandler()
CRITICAL - 2025-09-18 08:14:45 --> Maximum execution time of 200 seconds exceeded
in SYSTEMPATH\Debug\Exceptions.php on line 170.
 1 [internal function]: CodeIgniter\Debug\Exceptions->shutdownHandler()
ERROR - 2025-09-18 08:14:45 --> Error connecting to the database: ErrorException: mysqli::real_connect(): Error while reading greeting packet. PID=7680 in D:\xampp\htdocs\personnel\vendor\codeigniter4\framework\system\Database\MySQLi\Connection.php:174
Stack trace:
#0 [internal function]: CodeIgniter\Debug\Exceptions->errorHandler(2, 'mysqli::real_co...', 'D:\\xampp\\htdocs...', 174)
#1 D:\xampp\htdocs\personnel\vendor\codeigniter4\framework\system\Database\MySQLi\Connection.php(174): mysqli->real_connect('localhost', 'root', '', 'skjacth_pa_eval...', 3306, '', 0)
#2 D:\xampp\htdocs\personnel\vendor\codeigniter4\framework\system\Database\BaseConnection.php(391): CodeIgniter\Database\MySQLi\Connection->connect(false)
#3 D:\xampp\htdocs\personnel\vendor\codeigniter4\framework\system\Database\BaseConnection.php(574): CodeIgniter\Database\BaseConnection->initialize()
#4 D:\xampp\htdocs\personnel\vendor\codeigniter4\framework\system\Database\BaseBuilder.php(1616): CodeIgniter\Database\BaseConnection->query('SELECT *\nFROM `...', Array, false)
#5 D:\xampp\htdocs\personnel\app\Controllers\ConLogin.php(161): CodeIgniter\Database\BaseBuilder->get()
#6 D:\xampp\htdocs\personnel\vendor\codeigniter4\framework\system\CodeIgniter.php(934): App\Controllers\ConLogin->processTraditionalLogin()
#7 D:\xampp\htdocs\personnel\vendor\codeigniter4\framework\system\CodeIgniter.php(499): CodeIgniter\CodeIgniter->runController(Object(App\Controllers\ConLogin))
#8 D:\xampp\htdocs\personnel\vendor\codeigniter4\framework\system\CodeIgniter.php(368): CodeIgniter\CodeIgniter->handleRequest(NULL, Object(Config\Cache), false)
#9 D:\xampp\htdocs\personnel\index.php(67): CodeIgniter\CodeIgniter->run()
#10 {main}

Next mysqli_sql_exception: MySQL server has gone away in D:\xampp\htdocs\personnel\vendor\codeigniter4\framework\system\Database\MySQLi\Connection.php:174
Stack trace:
#0 D:\xampp\htdocs\personnel\vendor\codeigniter4\framework\system\Database\MySQLi\Connection.php(174): mysqli->real_connect('localhost', 'root', '', 'skjacth_pa_eval...', 3306, '', 0)
#1 D:\xampp\htdocs\personnel\vendor\codeigniter4\framework\system\Database\BaseConnection.php(391): CodeIgniter\Database\MySQLi\Connection->connect(false)
#2 D:\xampp\htdocs\personnel\vendor\codeigniter4\framework\system\Database\BaseConnection.php(574): CodeIgniter\Database\BaseConnection->initialize()
#3 D:\xampp\htdocs\personnel\vendor\codeigniter4\framework\system\Database\BaseBuilder.php(1616): CodeIgniter\Database\BaseConnection->query('SELECT *\nFROM `...', Array, false)
#4 D:\xampp\htdocs\personnel\app\Controllers\ConLogin.php(161): CodeIgniter\Database\BaseBuilder->get()
#5 D:\xampp\htdocs\personnel\vendor\codeigniter4\framework\system\CodeIgniter.php(934): App\Controllers\ConLogin->processTraditionalLogin()
#6 D:\xampp\htdocs\personnel\vendor\codeigniter4\framework\system\CodeIgniter.php(499): CodeIgniter\CodeIgniter->runController(Object(App\Controllers\ConLogin))
#7 D:\xampp\htdocs\personnel\vendor\codeigniter4\framework\system\CodeIgniter.php(368): CodeIgniter\CodeIgniter->handleRequest(NULL, Object(Config\Cache), false)
#8 D:\xampp\htdocs\personnel\index.php(67): CodeIgniter\CodeIgniter->run()
#9 {main}

Next CodeIgniter\Database\Exceptions\DatabaseException: MySQL server has gone away in D:\xampp\htdocs\personnel\vendor\codeigniter4\framework\system\Database\MySQLi\Connection.php:218
Stack trace:
#0 D:\xampp\htdocs\personnel\vendor\codeigniter4\framework\system\Database\BaseConnection.php(391): CodeIgniter\Database\MySQLi\Connection->connect(false)
#1 D:\xampp\htdocs\personnel\vendor\codeigniter4\framework\system\Database\BaseConnection.php(574): CodeIgniter\Database\BaseConnection->initialize()
#2 D:\xampp\htdocs\personnel\vendor\codeigniter4\framework\system\Database\BaseBuilder.php(1616): CodeIgniter\Database\BaseConnection->query('SELECT *\nFROM `...', Array, false)
#3 D:\xampp\htdocs\personnel\app\Controllers\ConLogin.php(161): CodeIgniter\Database\BaseBuilder->get()
#4 D:\xampp\htdocs\personnel\vendor\codeigniter4\framework\system\CodeIgniter.php(934): App\Controllers\ConLogin->processTraditionalLogin()
#5 D:\xampp\htdocs\personnel\vendor\codeigniter4\framework\system\CodeIgniter.php(499): CodeIgniter\CodeIgniter->runController(Object(App\Controllers\ConLogin))
#6 D:\xampp\htdocs\personnel\vendor\codeigniter4\framework\system\CodeIgniter.php(368): CodeIgniter\CodeIgniter->handleRequest(NULL, Object(Config\Cache), false)
#7 D:\xampp\htdocs\personnel\index.php(67): CodeIgniter\CodeIgniter->run()
#8 {main}
CRITICAL - 2025-09-18 08:14:45 --> Unable to connect to the database.
Main connection [MySQLi]: MySQL server has gone away
in SYSTEMPATH\Database\BaseConnection.php on line 427.
 1 SYSTEMPATH\Database\BaseConnection.php(574): CodeIgniter\Database\BaseConnection->initialize()
 2 SYSTEMPATH\Database\BaseBuilder.php(1616): CodeIgniter\Database\BaseConnection->query('SELECT *
FROM `tb_evaluators`
WHERE `e_Username` = :e_Username:', [...], false)
 3 APPPATH\Controllers\ConLogin.php(161): CodeIgniter\Database\BaseBuilder->get()
 4 SYSTEMPATH\CodeIgniter.php(934): App\Controllers\ConLogin->processTraditionalLogin()
 5 SYSTEMPATH\CodeIgniter.php(499): CodeIgniter\CodeIgniter->runController(Object(App\Controllers\ConLogin))
 6 SYSTEMPATH\CodeIgniter.php(368): CodeIgniter\CodeIgniter->handleRequest(null, Object(Config\Cache), false)
 7 FCPATH\index.php(67): CodeIgniter\CodeIgniter->run()
CRITICAL - 2025-09-18 08:14:45 --> Maximum execution time of 200 seconds exceeded
in SYSTEMPATH\Session\Handlers\FileHandler.php on line 134.
 1 [internal function]: CodeIgniter\Debug\Exceptions->shutdownHandler()
INFO - 2025-09-18 08:14:45 --> Session: Class initialized using 'CodeIgniter\Session\Handlers\FileHandler' driver.
INFO - 2025-09-18 08:14:45 --> Session: Class initialized using 'CodeIgniter\Session\Handlers\FileHandler' driver.
INFO - 2025-09-18 08:14:45 --> Session: Class initialized using 'CodeIgniter\Session\Handlers\FileHandler' driver.
INFO - 2025-09-18 08:14:45 --> Session: Class initialized using 'CodeIgniter\Session\Handlers\FileHandler' driver.
INFO - 2025-09-18 08:14:45 --> Session: Class initialized using 'CodeIgniter\Session\Handlers\FileHandler' driver.
INFO - 2025-09-18 08:16:11 --> Session: Class initialized using 'CodeIgniter\Session\Handlers\FileHandler' driver.
INFO - 2025-09-18 08:16:13 --> Session: Class initialized using 'CodeIgniter\Session\Handlers\FileHandler' driver.
INFO - 2025-09-18 08:18:15 --> Session: Class initialized using 'CodeIgniter\Session\Handlers\FileHandler' driver.
INFO - 2025-09-18 08:18:19 --> Session: Class initialized using 'CodeIgniter\Session\Handlers\FileHandler' driver.
INFO - 2025-09-18 08:18:20 --> Session: Class initialized using 'CodeIgniter\Session\Handlers\FileHandler' driver.
INFO - 2025-09-18 08:18:32 --> Session: Class initialized using 'CodeIgniter\Session\Handlers\FileHandler' driver.
INFO - 2025-09-18 08:22:24 --> Session: Class initialized using 'CodeIgniter\Session\Handlers\FileHandler' driver.
INFO - 2025-09-18 08:25:54 --> Session: Class initialized using 'CodeIgniter\Session\Handlers\FileHandler' driver.
INFO - 2025-09-18 08:26:08 --> Session: Class initialized using 'CodeIgniter\Session\Handlers\FileHandler' driver.
INFO - 2025-09-18 08:28:09 --> Session: Class initialized using 'CodeIgniter\Session\Handlers\FileHandler' driver.
INFO - 2025-09-18 08:29:22 --> Session: Class initialized using 'CodeIgniter\Session\Handlers\FileHandler' driver.
INFO - 2025-09-18 08:30:06 --> Session: Class initialized using 'CodeIgniter\Session\Handlers\FileHandler' driver.
INFO - 2025-09-18 08:30:39 --> Session: Class initialized using 'CodeIgniter\Session\Handlers\FileHandler' driver.
INFO - 2025-09-18 08:33:07 --> Session: Class initialized using 'CodeIgniter\Session\Handlers\FileHandler' driver.
INFO - 2025-09-18 08:34:18 --> Session: Class initialized using 'CodeIgniter\Session\Handlers\FileHandler' driver.
INFO - 2025-09-18 08:35:51 --> Session: Class initialized using 'CodeIgniter\Session\Handlers\FileHandler' driver.
INFO - 2025-09-18 08:36:34 --> Session: Class initialized using 'CodeIgniter\Session\Handlers\FileHandler' driver.
INFO - 2025-09-18 08:38:38 --> Session: Class initialized using 'CodeIgniter\Session\Handlers\FileHandler' driver.
CRITICAL - 2025-09-18 08:38:38 --> Trying to access array offset on value of type null
in APPPATH\Views\User\UserPA\PaForm.php on line 145.
 1 APPPATH\Views\User\UserPA\PaForm.php(145): CodeIgniter\Debug\Exceptions->errorHandler(2, 'Trying to access array offset on value of type null', 'D:\\xampp\\htdocs\\personnel\\app\\Views\\User\\UserPA\\PaForm.php', 145)
 2 SYSTEMPATH\View\View.php(213): include('D:\\xampp\\htdocs\\personnel\\app\\Views\\User\\UserPA\\PaForm.php')
 3 SYSTEMPATH\View\View.php(216): CodeIgniter\View\View->CodeIgniter\View\{closure}()
 4 SYSTEMPATH\Common.php(1184): CodeIgniter\View\View->render('User/UserPA/PaForm', [], true)
 5 APPPATH\Controllers\ConUserPaEvaluation.php(115): view('User/UserPA/PaForm', [...])
 6 SYSTEMPATH\CodeIgniter.php(934): App\Controllers\ConUserPaEvaluation->paForm('pers_005')
 7 SYSTEMPATH\CodeIgniter.php(499): CodeIgniter\CodeIgniter->runController(Object(App\Controllers\ConUserPaEvaluation))
 8 SYSTEMPATH\CodeIgniter.php(368): CodeIgniter\CodeIgniter->handleRequest(null, Object(Config\Cache), false)
 9 FCPATH\index.php(67): CodeIgniter\CodeIgniter->run()
INFO - 2025-09-18 08:39:15 --> Session: Class initialized using 'CodeIgniter\Session\Handlers\FileHandler' driver.
INFO - 2025-09-18 08:41:43 --> Session: Class initialized using 'CodeIgniter\Session\Handlers\FileHandler' driver.
INFO - 2025-09-18 08:42:48 --> Session: Class initialized using 'CodeIgniter\Session\Handlers\FileHandler' driver.
INFO - 2025-09-18 08:44:03 --> Session: Class initialized using 'CodeIgniter\Session\Handlers\FileHandler' driver.
INFO - 2025-09-18 08:45:44 --> Session: Class initialized using 'CodeIgniter\Session\Handlers\FileHandler' driver.
INFO - 2025-09-18 08:45:55 --> Session: Class initialized using 'CodeIgniter\Session\Handlers\FileHandler' driver.
INFO - 2025-09-18 08:45:57 --> Session: Class initialized using 'CodeIgniter\Session\Handlers\FileHandler' driver.
INFO - 2025-09-18 08:46:01 --> Session: Class initialized using 'CodeIgniter\Session\Handlers\FileHandler' driver.
INFO - 2025-09-18 08:46:11 --> Session: Class initialized using 'CodeIgniter\Session\Handlers\FileHandler' driver.
INFO - 2025-09-18 08:48:06 --> Session: Class initialized using 'CodeIgniter\Session\Handlers\FileHandler' driver.
INFO - 2025-09-18 08:48:09 --> Session: Class initialized using 'CodeIgniter\Session\Handlers\FileHandler' driver.
INFO - 2025-09-18 08:48:34 --> Session: Class initialized using 'CodeIgniter\Session\Handlers\FileHandler' driver.
INFO - 2025-09-18 08:49:22 --> Session: Class initialized using 'CodeIgniter\Session\Handlers\FileHandler' driver.
INFO - 2025-09-18 08:52:14 --> Session: Class initialized using 'CodeIgniter\Session\Handlers\FileHandler' driver.
INFO - 2025-09-18 08:52:16 --> Session: Class initialized using 'CodeIgniter\Session\Handlers\FileHandler' driver.
INFO - 2025-09-18 08:53:46 --> Session: Class initialized using 'CodeIgniter\Session\Handlers\FileHandler' driver.
INFO - 2025-09-18 08:53:48 --> Session: Class initialized using 'CodeIgniter\Session\Handlers\FileHandler' driver.
INFO - 2025-09-18 08:53:48 --> Session: Class initialized using 'CodeIgniter\Session\Handlers\FileHandler' driver.
INFO - 2025-09-18 08:53:52 --> Session: Class initialized using 'CodeIgniter\Session\Handlers\FileHandler' driver.
INFO - 2025-09-18 08:53:52 --> Session: Class initialized using 'CodeIgniter\Session\Handlers\FileHandler' driver.
INFO - 2025-09-18 08:53:53 --> Session: Class initialized using 'CodeIgniter\Session\Handlers\FileHandler' driver.
INFO - 2025-09-18 08:54:03 --> Session: Class initialized using 'CodeIgniter\Session\Handlers\FileHandler' driver.
INFO - 2025-09-18 08:54:03 --> Session: Class initialized using 'CodeIgniter\Session\Handlers\FileHandler' driver.
INFO - 2025-09-18 08:54:06 --> Session: Class initialized using 'CodeIgniter\Session\Handlers\FileHandler' driver.
INFO - 2025-09-18 08:54:06 --> Session: Class initialized using 'CodeIgniter\Session\Handlers\FileHandler' driver.
INFO - 2025-09-18 08:54:09 --> Session: Class initialized using 'CodeIgniter\Session\Handlers\FileHandler' driver.
INFO - 2025-09-18 08:54:13 --> Session: Class initialized using 'CodeIgniter\Session\Handlers\FileHandler' driver.
INFO - 2025-09-18 08:54:13 --> Session: Class initialized using 'CodeIgniter\Session\Handlers\FileHandler' driver.
INFO - 2025-09-18 08:54:33 --> Session: Class initialized using 'CodeIgniter\Session\Handlers\FileHandler' driver.
INFO - 2025-09-18 08:54:57 --> Session: Class initialized using 'CodeIgniter\Session\Handlers\FileHandler' driver.
INFO - 2025-09-18 09:01:14 --> Session: Class initialized using 'CodeIgniter\Session\Handlers\FileHandler' driver.
INFO - 2025-09-18 09:17:59 --> Session: Class initialized using 'CodeIgniter\Session\Handlers\FileHandler' driver.
INFO - 2025-09-18 09:18:15 --> Session: Class initialized using 'CodeIgniter\Session\Handlers\FileHandler' driver.
ERROR - 2025-09-18 09:18:15 --> mysqli_sql_exception: Table 'skjacth_personnel.tb_evaluations' doesn't exist in D:\xampp\htdocs\personnel\vendor\codeigniter4\framework\system\Database\MySQLi\Connection.php:295
Stack trace:
#0 D:\xampp\htdocs\personnel\vendor\codeigniter4\framework\system\Database\MySQLi\Connection.php(295): mysqli->query('INSERT INTO `tb...', 0)
#1 D:\xampp\htdocs\personnel\vendor\codeigniter4\framework\system\Database\BaseConnection.php(692): CodeIgniter\Database\MySQLi\Connection->execute('INSERT INTO `tb...')
#2 D:\xampp\htdocs\personnel\vendor\codeigniter4\framework\system\Database\BaseConnection.php(606): CodeIgniter\Database\BaseConnection->simpleQuery('INSERT INTO `tb...')
#3 D:\xampp\htdocs\personnel\vendor\codeigniter4\framework\system\Database\BaseBuilder.php(2309): CodeIgniter\Database\BaseConnection->query('INSERT INTO `tb...', Array, false)
#4 D:\xampp\htdocs\personnel\vendor\codeigniter4\framework\system\Model.php(330): CodeIgniter\Database\BaseBuilder->insert()
#5 D:\xampp\htdocs\personnel\vendor\codeigniter4\framework\system\BaseModel.php(782): CodeIgniter\Model->doInsert(Array)
#6 D:\xampp\htdocs\personnel\vendor\codeigniter4\framework\system\Model.php(730): CodeIgniter\BaseModel->insert(Array, true)
#7 D:\xampp\htdocs\personnel\app\Controllers\ConUserPaEvaluation.php(165): CodeIgniter\Model->insert(Array)
#8 D:\xampp\htdocs\personnel\vendor\codeigniter4\framework\system\CodeIgniter.php(934): App\Controllers\ConUserPaEvaluation->savePaEvaluation()
#9 D:\xampp\htdocs\personnel\vendor\codeigniter4\framework\system\CodeIgniter.php(499): CodeIgniter\CodeIgniter->runController(Object(App\Controllers\ConUserPaEvaluation))
#10 D:\xampp\htdocs\personnel\vendor\codeigniter4\framework\system\CodeIgniter.php(368): CodeIgniter\CodeIgniter->handleRequest(NULL, Object(Config\Cache), false)
#11 D:\xampp\htdocs\personnel\index.php(67): CodeIgniter\CodeIgniter->run()
#12 {main}
CRITICAL - 2025-09-18 09:18:15 --> Table 'skjacth_personnel.tb_evaluations' doesn't exist
in SYSTEMPATH\Database\MySQLi\Connection.php on line 295.
 1 SYSTEMPATH\Database\MySQLi\Connection.php(295): mysqli->query('INSERT INTO `tb_evaluations` (`ev_id`, `t_id`, `ev_fiscal_year`, `ev_start_date`, `ev_end_date`) VALUES (\'EV_68cb6be7d4e06\', \'pers_004\', \'2568\', \'2024-10-01\', \'2025-09-30\')', 0)
 2 SYSTEMPATH\Database\BaseConnection.php(692): CodeIgniter\Database\MySQLi\Connection->execute('INSERT INTO `tb_evaluations` (`ev_id`, `t_id`, `ev_fiscal_year`, `ev_start_date`, `ev_end_date`) VALUES (\'EV_68cb6be7d4e06\', \'pers_004\', \'2568\', \'2024-10-01\', \'2025-09-30\')')
 3 SYSTEMPATH\Database\BaseConnection.php(606): CodeIgniter\Database\BaseConnection->simpleQuery('INSERT INTO `tb_evaluations` (`ev_id`, `t_id`, `ev_fiscal_year`, `ev_start_date`, `ev_end_date`) VALUES (\'EV_68cb6be7d4e06\', \'pers_004\', \'2568\', \'2024-10-01\', \'2025-09-30\')')
 4 SYSTEMPATH\Database\BaseBuilder.php(2309): CodeIgniter\Database\BaseConnection->query('INSERT INTO `tb_evaluations` (`ev_id`, `t_id`, `ev_fiscal_year`, `ev_start_date`, `ev_end_date`) VALUES (:ev_id:, :t_id:, :ev_fiscal_year:, :ev_start_date:, :ev_end_date:)', [...], false)
 5 SYSTEMPATH\Model.php(330): CodeIgniter\Database\BaseBuilder->insert()
 6 SYSTEMPATH\BaseModel.php(782): CodeIgniter\Model->doInsert([...])
 7 SYSTEMPATH\Model.php(730): CodeIgniter\BaseModel->insert([...], true)
 8 APPPATH\Controllers\ConUserPaEvaluation.php(165): CodeIgniter\Model->insert([...])
 9 SYSTEMPATH\CodeIgniter.php(934): App\Controllers\ConUserPaEvaluation->savePaEvaluation()
10 SYSTEMPATH\CodeIgniter.php(499): CodeIgniter\CodeIgniter->runController(Object(App\Controllers\ConUserPaEvaluation))
11 SYSTEMPATH\CodeIgniter.php(368): CodeIgniter\CodeIgniter->handleRequest(null, Object(Config\Cache), false)
12 FCPATH\index.php(67): CodeIgniter\CodeIgniter->run()
INFO - 2025-09-18 09:19:15 --> Session: Class initialized using 'CodeIgniter\Session\Handlers\FileHandler' driver.
ERROR - 2025-09-18 09:19:15 --> mysqli_sql_exception: Cannot add or update a child row: a foreign key constraint fails (`skjacth_pa_evaluation`.`tb_evaluations`, CONSTRAINT `tb_evaluations_ibfk_1` FOREIGN KEY (`t_id`) REFERENCES `tb_personnel` (`pers_id`)) in D:\xampp\htdocs\personnel\vendor\codeigniter4\framework\system\Database\MySQLi\Connection.php:295
Stack trace:
#0 D:\xampp\htdocs\personnel\vendor\codeigniter4\framework\system\Database\MySQLi\Connection.php(295): mysqli->query('INSERT INTO `tb...', 0)
#1 D:\xampp\htdocs\personnel\vendor\codeigniter4\framework\system\Database\BaseConnection.php(692): CodeIgniter\Database\MySQLi\Connection->execute('INSERT INTO `tb...')
#2 D:\xampp\htdocs\personnel\vendor\codeigniter4\framework\system\Database\BaseConnection.php(606): CodeIgniter\Database\BaseConnection->simpleQuery('INSERT INTO `tb...')
#3 D:\xampp\htdocs\personnel\vendor\codeigniter4\framework\system\Database\BaseBuilder.php(2309): CodeIgniter\Database\BaseConnection->query('INSERT INTO `tb...', Array, false)
#4 D:\xampp\htdocs\personnel\vendor\codeigniter4\framework\system\Model.php(330): CodeIgniter\Database\BaseBuilder->insert()
#5 D:\xampp\htdocs\personnel\vendor\codeigniter4\framework\system\BaseModel.php(782): CodeIgniter\Model->doInsert(Array)
#6 D:\xampp\htdocs\personnel\vendor\codeigniter4\framework\system\Model.php(730): CodeIgniter\BaseModel->insert(Array, true)
#7 D:\xampp\htdocs\personnel\app\Controllers\ConUserPaEvaluation.php(165): CodeIgniter\Model->insert(Array)
#8 D:\xampp\htdocs\personnel\vendor\codeigniter4\framework\system\CodeIgniter.php(934): App\Controllers\ConUserPaEvaluation->savePaEvaluation()
#9 D:\xampp\htdocs\personnel\vendor\codeigniter4\framework\system\CodeIgniter.php(499): CodeIgniter\CodeIgniter->runController(Object(App\Controllers\ConUserPaEvaluation))
#10 D:\xampp\htdocs\personnel\vendor\codeigniter4\framework\system\CodeIgniter.php(368): CodeIgniter\CodeIgniter->handleRequest(NULL, Object(Config\Cache), false)
#11 D:\xampp\htdocs\personnel\index.php(67): CodeIgniter\CodeIgniter->run()
#12 {main}
ERROR - 2025-09-18 09:19:15 --> mysqli_sql_exception: Column 'e_id' cannot be null in D:\xampp\htdocs\personnel\vendor\codeigniter4\framework\system\Database\MySQLi\Connection.php:295
Stack trace:
#0 D:\xampp\htdocs\personnel\vendor\codeigniter4\framework\system\Database\MySQLi\Connection.php(295): mysqli->query('INSERT INTO `tb...', 0)
#1 D:\xampp\htdocs\personnel\vendor\codeigniter4\framework\system\Database\BaseConnection.php(692): CodeIgniter\Database\MySQLi\Connection->execute('INSERT INTO `tb...')
#2 D:\xampp\htdocs\personnel\vendor\codeigniter4\framework\system\Database\BaseConnection.php(606): CodeIgniter\Database\BaseConnection->simpleQuery('INSERT INTO `tb...')
#3 D:\xampp\htdocs\personnel\vendor\codeigniter4\framework\system\Database\BaseBuilder.php(2309): CodeIgniter\Database\BaseConnection->query('INSERT INTO `tb...', Array, false)
#4 D:\xampp\htdocs\personnel\vendor\codeigniter4\framework\system\Model.php(330): CodeIgniter\Database\BaseBuilder->insert()
#5 D:\xampp\htdocs\personnel\vendor\codeigniter4\framework\system\BaseModel.php(782): CodeIgniter\Model->doInsert(Array)
#6 D:\xampp\htdocs\personnel\vendor\codeigniter4\framework\system\Model.php(730): CodeIgniter\BaseModel->insert(Array, true)
#7 D:\xampp\htdocs\personnel\app\Controllers\ConUserPaEvaluation.php(179): CodeIgniter\Model->insert(Array)
#8 D:\xampp\htdocs\personnel\vendor\codeigniter4\framework\system\CodeIgniter.php(934): App\Controllers\ConUserPaEvaluation->savePaEvaluation()
#9 D:\xampp\htdocs\personnel\vendor\codeigniter4\framework\system\CodeIgniter.php(499): CodeIgniter\CodeIgniter->runController(Object(App\Controllers\ConUserPaEvaluation))
#10 D:\xampp\htdocs\personnel\vendor\codeigniter4\framework\system\CodeIgniter.php(368): CodeIgniter\CodeIgniter->handleRequest(NULL, Object(Config\Cache), false)
#11 D:\xampp\htdocs\personnel\index.php(67): CodeIgniter\CodeIgniter->run()
#12 {main}
ERROR - 2025-09-18 09:19:15 --> mysqli_sql_exception: Cannot add or update a child row: a foreign key constraint fails (`skjacth_pa_evaluation`.`tb_item_scores`, CONSTRAINT `tb_item_scores_ibfk_1` FOREIGN KEY (`es_id`) REFERENCES `tb_evaluator_scores` (`es_id`)) in D:\xampp\htdocs\personnel\vendor\codeigniter4\framework\system\Database\MySQLi\Connection.php:295
Stack trace:
#0 D:\xampp\htdocs\personnel\vendor\codeigniter4\framework\system\Database\MySQLi\Connection.php(295): mysqli->query('INSERT INTO `tb...', 0)
#1 D:\xampp\htdocs\personnel\vendor\codeigniter4\framework\system\Database\BaseConnection.php(692): CodeIgniter\Database\MySQLi\Connection->execute('INSERT INTO `tb...')
#2 D:\xampp\htdocs\personnel\vendor\codeigniter4\framework\system\Database\BaseConnection.php(606): CodeIgniter\Database\BaseConnection->simpleQuery('INSERT INTO `tb...')
#3 D:\xampp\htdocs\personnel\vendor\codeigniter4\framework\system\Database\BaseBuilder.php(2309): CodeIgniter\Database\BaseConnection->query('INSERT INTO `tb...', Array, false)
#4 D:\xampp\htdocs\personnel\vendor\codeigniter4\framework\system\Model.php(330): CodeIgniter\Database\BaseBuilder->insert()
#5 D:\xampp\htdocs\personnel\vendor\codeigniter4\framework\system\BaseModel.php(782): CodeIgniter\Model->doInsert(Array)
#6 D:\xampp\htdocs\personnel\vendor\codeigniter4\framework\system\Model.php(730): CodeIgniter\BaseModel->insert(Array, true)
#7 D:\xampp\htdocs\personnel\app\Controllers\ConUserPaEvaluation.php(195): CodeIgniter\Model->insert(Array)
#8 D:\xampp\htdocs\personnel\vendor\codeigniter4\framework\system\CodeIgniter.php(934): App\Controllers\ConUserPaEvaluation->savePaEvaluation()
#9 D:\xampp\htdocs\personnel\vendor\codeigniter4\framework\system\CodeIgniter.php(499): CodeIgniter\CodeIgniter->runController(Object(App\Controllers\ConUserPaEvaluation))
#10 D:\xampp\htdocs\personnel\vendor\codeigniter4\framework\system\CodeIgniter.php(368): CodeIgniter\CodeIgniter->handleRequest(NULL, Object(Config\Cache), false)
#11 D:\xampp\htdocs\personnel\index.php(67): CodeIgniter\CodeIgniter->run()
#12 {main}
ERROR - 2025-09-18 09:19:15 --> mysqli_sql_exception: Cannot add or update a child row: a foreign key constraint fails (`skjacth_pa_evaluation`.`tb_item_scores`, CONSTRAINT `tb_item_scores_ibfk_1` FOREIGN KEY (`es_id`) REFERENCES `tb_evaluator_scores` (`es_id`)) in D:\xampp\htdocs\personnel\vendor\codeigniter4\framework\system\Database\MySQLi\Connection.php:295
Stack trace:
#0 D:\xampp\htdocs\personnel\vendor\codeigniter4\framework\system\Database\MySQLi\Connection.php(295): mysqli->query('INSERT INTO `tb...', 0)
#1 D:\xampp\htdocs\personnel\vendor\codeigniter4\framework\system\Database\BaseConnection.php(692): CodeIgniter\Database\MySQLi\Connection->execute('INSERT INTO `tb...')
#2 D:\xampp\htdocs\personnel\vendor\codeigniter4\framework\system\Database\BaseConnection.php(606): CodeIgniter\Database\BaseConnection->simpleQuery('INSERT INTO `tb...')
#3 D:\xampp\htdocs\personnel\vendor\codeigniter4\framework\system\Database\BaseBuilder.php(2309): CodeIgniter\Database\BaseConnection->query('INSERT INTO `tb...', Array, false)
#4 D:\xampp\htdocs\personnel\vendor\codeigniter4\framework\system\Model.php(330): CodeIgniter\Database\BaseBuilder->insert()
#5 D:\xampp\htdocs\personnel\vendor\codeigniter4\framework\system\BaseModel.php(782): CodeIgniter\Model->doInsert(Array)
#6 D:\xampp\htdocs\personnel\vendor\codeigniter4\framework\system\Model.php(730): CodeIgniter\BaseModel->insert(Array, true)
#7 D:\xampp\htdocs\personnel\app\Controllers\ConUserPaEvaluation.php(195): CodeIgniter\Model->insert(Array)
#8 D:\xampp\htdocs\personnel\vendor\codeigniter4\framework\system\CodeIgniter.php(934): App\Controllers\ConUserPaEvaluation->savePaEvaluation()
#9 D:\xampp\htdocs\personnel\vendor\codeigniter4\framework\system\CodeIgniter.php(499): CodeIgniter\CodeIgniter->runController(Object(App\Controllers\ConUserPaEvaluation))
#10 D:\xampp\htdocs\personnel\vendor\codeigniter4\framework\system\CodeIgniter.php(368): CodeIgniter\CodeIgniter->handleRequest(NULL, Object(Config\Cache), false)
#11 D:\xampp\htdocs\personnel\index.php(67): CodeIgniter\CodeIgniter->run()
#12 {main}
ERROR - 2025-09-18 09:19:15 --> mysqli_sql_exception: Cannot add or update a child row: a foreign key constraint fails (`skjacth_pa_evaluation`.`tb_item_scores`, CONSTRAINT `tb_item_scores_ibfk_1` FOREIGN KEY (`es_id`) REFERENCES `tb_evaluator_scores` (`es_id`)) in D:\xampp\htdocs\personnel\vendor\codeigniter4\framework\system\Database\MySQLi\Connection.php:295
Stack trace:
#0 D:\xampp\htdocs\personnel\vendor\codeigniter4\framework\system\Database\MySQLi\Connection.php(295): mysqli->query('INSERT INTO `tb...', 0)
#1 D:\xampp\htdocs\personnel\vendor\codeigniter4\framework\system\Database\BaseConnection.php(692): CodeIgniter\Database\MySQLi\Connection->execute('INSERT INTO `tb...')
#2 D:\xampp\htdocs\personnel\vendor\codeigniter4\framework\system\Database\BaseConnection.php(606): CodeIgniter\Database\BaseConnection->simpleQuery('INSERT INTO `tb...')
#3 D:\xampp\htdocs\personnel\vendor\codeigniter4\framework\system\Database\BaseBuilder.php(2309): CodeIgniter\Database\BaseConnection->query('INSERT INTO `tb...', Array, false)
#4 D:\xampp\htdocs\personnel\vendor\codeigniter4\framework\system\Model.php(330): CodeIgniter\Database\BaseBuilder->insert()
#5 D:\xampp\htdocs\personnel\vendor\codeigniter4\framework\system\BaseModel.php(782): CodeIgniter\Model->doInsert(Array)
#6 D:\xampp\htdocs\personnel\vendor\codeigniter4\framework\system\Model.php(730): CodeIgniter\BaseModel->insert(Array, true)
#7 D:\xampp\htdocs\personnel\app\Controllers\ConUserPaEvaluation.php(195): CodeIgniter\Model->insert(Array)
#8 D:\xampp\htdocs\personnel\vendor\codeigniter4\framework\system\CodeIgniter.php(934): App\Controllers\ConUserPaEvaluation->savePaEvaluation()
#9 D:\xampp\htdocs\personnel\vendor\codeigniter4\framework\system\CodeIgniter.php(499): CodeIgniter\CodeIgniter->runController(Object(App\Controllers\ConUserPaEvaluation))
#10 D:\xampp\htdocs\personnel\vendor\codeigniter4\framework\system\CodeIgniter.php(368): CodeIgniter\CodeIgniter->handleRequest(NULL, Object(Config\Cache), false)
#11 D:\xampp\htdocs\personnel\index.php(67): CodeIgniter\CodeIgniter->run()
#12 {main}
ERROR - 2025-09-18 09:19:15 --> mysqli_sql_exception: Cannot add or update a child row: a foreign key constraint fails (`skjacth_pa_evaluation`.`tb_item_scores`, CONSTRAINT `tb_item_scores_ibfk_1` FOREIGN KEY (`es_id`) REFERENCES `tb_evaluator_scores` (`es_id`)) in D:\xampp\htdocs\personnel\vendor\codeigniter4\framework\system\Database\MySQLi\Connection.php:295
Stack trace:
#0 D:\xampp\htdocs\personnel\vendor\codeigniter4\framework\system\Database\MySQLi\Connection.php(295): mysqli->query('INSERT INTO `tb...', 0)
#1 D:\xampp\htdocs\personnel\vendor\codeigniter4\framework\system\Database\BaseConnection.php(692): CodeIgniter\Database\MySQLi\Connection->execute('INSERT INTO `tb...')
#2 D:\xampp\htdocs\personnel\vendor\codeigniter4\framework\system\Database\BaseConnection.php(606): CodeIgniter\Database\BaseConnection->simpleQuery('INSERT INTO `tb...')
#3 D:\xampp\htdocs\personnel\vendor\codeigniter4\framework\system\Database\BaseBuilder.php(2309): CodeIgniter\Database\BaseConnection->query('INSERT INTO `tb...', Array, false)
#4 D:\xampp\htdocs\personnel\vendor\codeigniter4\framework\system\Model.php(330): CodeIgniter\Database\BaseBuilder->insert()
#5 D:\xampp\htdocs\personnel\vendor\codeigniter4\framework\system\BaseModel.php(782): CodeIgniter\Model->doInsert(Array)
#6 D:\xampp\htdocs\personnel\vendor\codeigniter4\framework\system\Model.php(730): CodeIgniter\BaseModel->insert(Array, true)
#7 D:\xampp\htdocs\personnel\app\Controllers\ConUserPaEvaluation.php(195): CodeIgniter\Model->insert(Array)
#8 D:\xampp\htdocs\personnel\vendor\codeigniter4\framework\system\CodeIgniter.php(934): App\Controllers\ConUserPaEvaluation->savePaEvaluation()
#9 D:\xampp\htdocs\personnel\vendor\codeigniter4\framework\system\CodeIgniter.php(499): CodeIgniter\CodeIgniter->runController(Object(App\Controllers\ConUserPaEvaluation))
#10 D:\xampp\htdocs\personnel\vendor\codeigniter4\framework\system\CodeIgniter.php(368): CodeIgniter\CodeIgniter->handleRequest(NULL, Object(Config\Cache), false)
#11 D:\xampp\htdocs\personnel\index.php(67): CodeIgniter\CodeIgniter->run()
#12 {main}
ERROR - 2025-09-18 09:19:15 --> mysqli_sql_exception: Cannot add or update a child row: a foreign key constraint fails (`skjacth_pa_evaluation`.`tb_item_scores`, CONSTRAINT `tb_item_scores_ibfk_1` FOREIGN KEY (`es_id`) REFERENCES `tb_evaluator_scores` (`es_id`)) in D:\xampp\htdocs\personnel\vendor\codeigniter4\framework\system\Database\MySQLi\Connection.php:295
Stack trace:
#0 D:\xampp\htdocs\personnel\vendor\codeigniter4\framework\system\Database\MySQLi\Connection.php(295): mysqli->query('INSERT INTO `tb...', 0)
#1 D:\xampp\htdocs\personnel\vendor\codeigniter4\framework\system\Database\BaseConnection.php(692): CodeIgniter\Database\MySQLi\Connection->execute('INSERT INTO `tb...')
#2 D:\xampp\htdocs\personnel\vendor\codeigniter4\framework\system\Database\BaseConnection.php(606): CodeIgniter\Database\BaseConnection->simpleQuery('INSERT INTO `tb...')
#3 D:\xampp\htdocs\personnel\vendor\codeigniter4\framework\system\Database\BaseBuilder.php(2309): CodeIgniter\Database\BaseConnection->query('INSERT INTO `tb...', Array, false)
#4 D:\xampp\htdocs\personnel\vendor\codeigniter4\framework\system\Model.php(330): CodeIgniter\Database\BaseBuilder->insert()
#5 D:\xampp\htdocs\personnel\vendor\codeigniter4\framework\system\BaseModel.php(782): CodeIgniter\Model->doInsert(Array)
#6 D:\xampp\htdocs\personnel\vendor\codeigniter4\framework\system\Model.php(730): CodeIgniter\BaseModel->insert(Array, true)
#7 D:\xampp\htdocs\personnel\app\Controllers\ConUserPaEvaluation.php(195): CodeIgniter\Model->insert(Array)
#8 D:\xampp\htdocs\personnel\vendor\codeigniter4\framework\system\CodeIgniter.php(934): App\Controllers\ConUserPaEvaluation->savePaEvaluation()
#9 D:\xampp\htdocs\personnel\vendor\codeigniter4\framework\system\CodeIgniter.php(499): CodeIgniter\CodeIgniter->runController(Object(App\Controllers\ConUserPaEvaluation))
#10 D:\xampp\htdocs\personnel\vendor\codeigniter4\framework\system\CodeIgniter.php(368): CodeIgniter\CodeIgniter->handleRequest(NULL, Object(Config\Cache), false)
#11 D:\xampp\htdocs\personnel\index.php(67): CodeIgniter\CodeIgniter->run()
#12 {main}
ERROR - 2025-09-18 09:19:15 --> mysqli_sql_exception: Cannot add or update a child row: a foreign key constraint fails (`skjacth_pa_evaluation`.`tb_item_scores`, CONSTRAINT `tb_item_scores_ibfk_1` FOREIGN KEY (`es_id`) REFERENCES `tb_evaluator_scores` (`es_id`)) in D:\xampp\htdocs\personnel\vendor\codeigniter4\framework\system\Database\MySQLi\Connection.php:295
Stack trace:
#0 D:\xampp\htdocs\personnel\vendor\codeigniter4\framework\system\Database\MySQLi\Connection.php(295): mysqli->query('INSERT INTO `tb...', 0)
#1 D:\xampp\htdocs\personnel\vendor\codeigniter4\framework\system\Database\BaseConnection.php(692): CodeIgniter\Database\MySQLi\Connection->execute('INSERT INTO `tb...')
#2 D:\xampp\htdocs\personnel\vendor\codeigniter4\framework\system\Database\BaseConnection.php(606): CodeIgniter\Database\BaseConnection->simpleQuery('INSERT INTO `tb...')
#3 D:\xampp\htdocs\personnel\vendor\codeigniter4\framework\system\Database\BaseBuilder.php(2309): CodeIgniter\Database\BaseConnection->query('INSERT INTO `tb...', Array, false)
#4 D:\xampp\htdocs\personnel\vendor\codeigniter4\framework\system\Model.php(330): CodeIgniter\Database\BaseBuilder->insert()
#5 D:\xampp\htdocs\personnel\vendor\codeigniter4\framework\system\BaseModel.php(782): CodeIgniter\Model->doInsert(Array)
#6 D:\xampp\htdocs\personnel\vendor\codeigniter4\framework\system\Model.php(730): CodeIgniter\BaseModel->insert(Array, true)
#7 D:\xampp\htdocs\personnel\app\Controllers\ConUserPaEvaluation.php(195): CodeIgniter\Model->insert(Array)
#8 D:\xampp\htdocs\personnel\vendor\codeigniter4\framework\system\CodeIgniter.php(934): App\Controllers\ConUserPaEvaluation->savePaEvaluation()
#9 D:\xampp\htdocs\personnel\vendor\codeigniter4\framework\system\CodeIgniter.php(499): CodeIgniter\CodeIgniter->runController(Object(App\Controllers\ConUserPaEvaluation))
#10 D:\xampp\htdocs\personnel\vendor\codeigniter4\framework\system\CodeIgniter.php(368): CodeIgniter\CodeIgniter->handleRequest(NULL, Object(Config\Cache), false)
#11 D:\xampp\htdocs\personnel\index.php(67): CodeIgniter\CodeIgniter->run()
#12 {main}
ERROR - 2025-09-18 09:19:15 --> mysqli_sql_exception: Cannot add or update a child row: a foreign key constraint fails (`skjacth_pa_evaluation`.`tb_item_scores`, CONSTRAINT `tb_item_scores_ibfk_1` FOREIGN KEY (`es_id`) REFERENCES `tb_evaluator_scores` (`es_id`)) in D:\xampp\htdocs\personnel\vendor\codeigniter4\framework\system\Database\MySQLi\Connection.php:295
Stack trace:
#0 D:\xampp\htdocs\personnel\vendor\codeigniter4\framework\system\Database\MySQLi\Connection.php(295): mysqli->query('INSERT INTO `tb...', 0)
#1 D:\xampp\htdocs\personnel\vendor\codeigniter4\framework\system\Database\BaseConnection.php(692): CodeIgniter\Database\MySQLi\Connection->execute('INSERT INTO `tb...')
#2 D:\xampp\htdocs\personnel\vendor\codeigniter4\framework\system\Database\BaseConnection.php(606): CodeIgniter\Database\BaseConnection->simpleQuery('INSERT INTO `tb...')
#3 D:\xampp\htdocs\personnel\vendor\codeigniter4\framework\system\Database\BaseBuilder.php(2309): CodeIgniter\Database\BaseConnection->query('INSERT INTO `tb...', Array, false)
#4 D:\xampp\htdocs\personnel\vendor\codeigniter4\framework\system\Model.php(330): CodeIgniter\Database\BaseBuilder->insert()
#5 D:\xampp\htdocs\personnel\vendor\codeigniter4\framework\system\BaseModel.php(782): CodeIgniter\Model->doInsert(Array)
#6 D:\xampp\htdocs\personnel\vendor\codeigniter4\framework\system\Model.php(730): CodeIgniter\BaseModel->insert(Array, true)
#7 D:\xampp\htdocs\personnel\app\Controllers\ConUserPaEvaluation.php(195): CodeIgniter\Model->insert(Array)
#8 D:\xampp\htdocs\personnel\vendor\codeigniter4\framework\system\CodeIgniter.php(934): App\Controllers\ConUserPaEvaluation->savePaEvaluation()
#9 D:\xampp\htdocs\personnel\vendor\codeigniter4\framework\system\CodeIgniter.php(499): CodeIgniter\CodeIgniter->runController(Object(App\Controllers\ConUserPaEvaluation))
#10 D:\xampp\htdocs\personnel\vendor\codeigniter4\framework\system\CodeIgniter.php(368): CodeIgniter\CodeIgniter->handleRequest(NULL, Object(Config\Cache), false)
#11 D:\xampp\htdocs\personnel\index.php(67): CodeIgniter\CodeIgniter->run()
#12 {main}
ERROR - 2025-09-18 09:19:15 --> mysqli_sql_exception: Cannot add or update a child row: a foreign key constraint fails (`skjacth_pa_evaluation`.`tb_item_scores`, CONSTRAINT `tb_item_scores_ibfk_1` FOREIGN KEY (`es_id`) REFERENCES `tb_evaluator_scores` (`es_id`)) in D:\xampp\htdocs\personnel\vendor\codeigniter4\framework\system\Database\MySQLi\Connection.php:295
Stack trace:
#0 D:\xampp\htdocs\personnel\vendor\codeigniter4\framework\system\Database\MySQLi\Connection.php(295): mysqli->query('INSERT INTO `tb...', 0)
#1 D:\xampp\htdocs\personnel\vendor\codeigniter4\framework\system\Database\BaseConnection.php(692): CodeIgniter\Database\MySQLi\Connection->execute('INSERT INTO `tb...')
#2 D:\xampp\htdocs\personnel\vendor\codeigniter4\framework\system\Database\BaseConnection.php(606): CodeIgniter\Database\BaseConnection->simpleQuery('INSERT INTO `tb...')
#3 D:\xampp\htdocs\personnel\vendor\codeigniter4\framework\system\Database\BaseBuilder.php(2309): CodeIgniter\Database\BaseConnection->query('INSERT INTO `tb...', Array, false)
#4 D:\xampp\htdocs\personnel\vendor\codeigniter4\framework\system\Model.php(330): CodeIgniter\Database\BaseBuilder->insert()
#5 D:\xampp\htdocs\personnel\vendor\codeigniter4\framework\system\BaseModel.php(782): CodeIgniter\Model->doInsert(Array)
#6 D:\xampp\htdocs\personnel\vendor\codeigniter4\framework\system\Model.php(730): CodeIgniter\BaseModel->insert(Array, true)
#7 D:\xampp\htdocs\personnel\app\Controllers\ConUserPaEvaluation.php(195): CodeIgniter\Model->insert(Array)
#8 D:\xampp\htdocs\personnel\vendor\codeigniter4\framework\system\CodeIgniter.php(934): App\Controllers\ConUserPaEvaluation->savePaEvaluation()
#9 D:\xampp\htdocs\personnel\vendor\codeigniter4\framework\system\CodeIgniter.php(499): CodeIgniter\CodeIgniter->runController(Object(App\Controllers\ConUserPaEvaluation))
#10 D:\xampp\htdocs\personnel\vendor\codeigniter4\framework\system\CodeIgniter.php(368): CodeIgniter\CodeIgniter->handleRequest(NULL, Object(Config\Cache), false)
#11 D:\xampp\htdocs\personnel\index.php(67): CodeIgniter\CodeIgniter->run()
#12 {main}
ERROR - 2025-09-18 09:19:15 --> mysqli_sql_exception: Cannot add or update a child row: a foreign key constraint fails (`skjacth_pa_evaluation`.`tb_item_scores`, CONSTRAINT `tb_item_scores_ibfk_1` FOREIGN KEY (`es_id`) REFERENCES `tb_evaluator_scores` (`es_id`)) in D:\xampp\htdocs\personnel\vendor\codeigniter4\framework\system\Database\MySQLi\Connection.php:295
Stack trace:
#0 D:\xampp\htdocs\personnel\vendor\codeigniter4\framework\system\Database\MySQLi\Connection.php(295): mysqli->query('INSERT INTO `tb...', 0)
#1 D:\xampp\htdocs\personnel\vendor\codeigniter4\framework\system\Database\BaseConnection.php(692): CodeIgniter\Database\MySQLi\Connection->execute('INSERT INTO `tb...')
#2 D:\xampp\htdocs\personnel\vendor\codeigniter4\framework\system\Database\BaseConnection.php(606): CodeIgniter\Database\BaseConnection->simpleQuery('INSERT INTO `tb...')
#3 D:\xampp\htdocs\personnel\vendor\codeigniter4\framework\system\Database\BaseBuilder.php(2309): CodeIgniter\Database\BaseConnection->query('INSERT INTO `tb...', Array, false)
#4 D:\xampp\htdocs\personnel\vendor\codeigniter4\framework\system\Model.php(330): CodeIgniter\Database\BaseBuilder->insert()
#5 D:\xampp\htdocs\personnel\vendor\codeigniter4\framework\system\BaseModel.php(782): CodeIgniter\Model->doInsert(Array)
#6 D:\xampp\htdocs\personnel\vendor\codeigniter4\framework\system\Model.php(730): CodeIgniter\BaseModel->insert(Array, true)
#7 D:\xampp\htdocs\personnel\app\Controllers\ConUserPaEvaluation.php(195): CodeIgniter\Model->insert(Array)
#8 D:\xampp\htdocs\personnel\vendor\codeigniter4\framework\system\CodeIgniter.php(934): App\Controllers\ConUserPaEvaluation->savePaEvaluation()
#9 D:\xampp\htdocs\personnel\vendor\codeigniter4\framework\system\CodeIgniter.php(499): CodeIgniter\CodeIgniter->runController(Object(App\Controllers\ConUserPaEvaluation))
#10 D:\xampp\htdocs\personnel\vendor\codeigniter4\framework\system\CodeIgniter.php(368): CodeIgniter\CodeIgniter->handleRequest(NULL, Object(Config\Cache), false)
#11 D:\xampp\htdocs\personnel\index.php(67): CodeIgniter\CodeIgniter->run()
#12 {main}
INFO - 2025-09-18 09:19:15 --> Session: Class initialized using 'CodeIgniter\Session\Handlers\FileHandler' driver.
INFO - 2025-09-18 09:19:23 --> Session: Class initialized using 'CodeIgniter\Session\Handlers\FileHandler' driver.
INFO - 2025-09-18 09:19:38 --> Session: Class initialized using 'CodeIgniter\Session\Handlers\FileHandler' driver.
ERROR - 2025-09-18 09:19:38 --> mysqli_sql_exception: Cannot add or update a child row: a foreign key constraint fails (`skjacth_pa_evaluation`.`tb_evaluations`, CONSTRAINT `tb_evaluations_ibfk_1` FOREIGN KEY (`t_id`) REFERENCES `tb_personnel` (`pers_id`)) in D:\xampp\htdocs\personnel\vendor\codeigniter4\framework\system\Database\MySQLi\Connection.php:295
Stack trace:
#0 D:\xampp\htdocs\personnel\vendor\codeigniter4\framework\system\Database\MySQLi\Connection.php(295): mysqli->query('INSERT INTO `tb...', 0)
#1 D:\xampp\htdocs\personnel\vendor\codeigniter4\framework\system\Database\BaseConnection.php(692): CodeIgniter\Database\MySQLi\Connection->execute('INSERT INTO `tb...')
#2 D:\xampp\htdocs\personnel\vendor\codeigniter4\framework\system\Database\BaseConnection.php(606): CodeIgniter\Database\BaseConnection->simpleQuery('INSERT INTO `tb...')
#3 D:\xampp\htdocs\personnel\vendor\codeigniter4\framework\system\Database\BaseBuilder.php(2309): CodeIgniter\Database\BaseConnection->query('INSERT INTO `tb...', Array, false)
#4 D:\xampp\htdocs\personnel\vendor\codeigniter4\framework\system\Model.php(330): CodeIgniter\Database\BaseBuilder->insert()
#5 D:\xampp\htdocs\personnel\vendor\codeigniter4\framework\system\BaseModel.php(782): CodeIgniter\Model->doInsert(Array)
#6 D:\xampp\htdocs\personnel\vendor\codeigniter4\framework\system\Model.php(730): CodeIgniter\BaseModel->insert(Array, true)
#7 D:\xampp\htdocs\personnel\app\Controllers\ConUserPaEvaluation.php(165): CodeIgniter\Model->insert(Array)
#8 D:\xampp\htdocs\personnel\vendor\codeigniter4\framework\system\CodeIgniter.php(934): App\Controllers\ConUserPaEvaluation->savePaEvaluation()
#9 D:\xampp\htdocs\personnel\vendor\codeigniter4\framework\system\CodeIgniter.php(499): CodeIgniter\CodeIgniter->runController(Object(App\Controllers\ConUserPaEvaluation))
#10 D:\xampp\htdocs\personnel\vendor\codeigniter4\framework\system\CodeIgniter.php(368): CodeIgniter\CodeIgniter->handleRequest(NULL, Object(Config\Cache), false)
#11 D:\xampp\htdocs\personnel\index.php(67): CodeIgniter\CodeIgniter->run()
#12 {main}
ERROR - 2025-09-18 09:19:38 --> mysqli_sql_exception: Column 'e_id' cannot be null in D:\xampp\htdocs\personnel\vendor\codeigniter4\framework\system\Database\MySQLi\Connection.php:295
Stack trace:
#0 D:\xampp\htdocs\personnel\vendor\codeigniter4\framework\system\Database\MySQLi\Connection.php(295): mysqli->query('INSERT INTO `tb...', 0)
#1 D:\xampp\htdocs\personnel\vendor\codeigniter4\framework\system\Database\BaseConnection.php(692): CodeIgniter\Database\MySQLi\Connection->execute('INSERT INTO `tb...')
#2 D:\xampp\htdocs\personnel\vendor\codeigniter4\framework\system\Database\BaseConnection.php(606): CodeIgniter\Database\BaseConnection->simpleQuery('INSERT INTO `tb...')
#3 D:\xampp\htdocs\personnel\vendor\codeigniter4\framework\system\Database\BaseBuilder.php(2309): CodeIgniter\Database\BaseConnection->query('INSERT INTO `tb...', Array, false)
#4 D:\xampp\htdocs\personnel\vendor\codeigniter4\framework\system\Model.php(330): CodeIgniter\Database\BaseBuilder->insert()
#5 D:\xampp\htdocs\personnel\vendor\codeigniter4\framework\system\BaseModel.php(782): CodeIgniter\Model->doInsert(Array)
#6 D:\xampp\htdocs\personnel\vendor\codeigniter4\framework\system\Model.php(730): CodeIgniter\BaseModel->insert(Array, true)
#7 D:\xampp\htdocs\personnel\app\Controllers\ConUserPaEvaluation.php(179): CodeIgniter\Model->insert(Array)
#8 D:\xampp\htdocs\personnel\vendor\codeigniter4\framework\system\CodeIgniter.php(934): App\Controllers\ConUserPaEvaluation->savePaEvaluation()
#9 D:\xampp\htdocs\personnel\vendor\codeigniter4\framework\system\CodeIgniter.php(499): CodeIgniter\CodeIgniter->runController(Object(App\Controllers\ConUserPaEvaluation))
#10 D:\xampp\htdocs\personnel\vendor\codeigniter4\framework\system\CodeIgniter.php(368): CodeIgniter\CodeIgniter->handleRequest(NULL, Object(Config\Cache), false)
#11 D:\xampp\htdocs\personnel\index.php(67): CodeIgniter\CodeIgniter->run()
#12 {main}
ERROR - 2025-09-18 09:19:38 --> mysqli_sql_exception: Cannot add or update a child row: a foreign key constraint fails (`skjacth_pa_evaluation`.`tb_item_scores`, CONSTRAINT `tb_item_scores_ibfk_1` FOREIGN KEY (`es_id`) REFERENCES `tb_evaluator_scores` (`es_id`)) in D:\xampp\htdocs\personnel\vendor\codeigniter4\framework\system\Database\MySQLi\Connection.php:295
Stack trace:
#0 D:\xampp\htdocs\personnel\vendor\codeigniter4\framework\system\Database\MySQLi\Connection.php(295): mysqli->query('INSERT INTO `tb...', 0)
#1 D:\xampp\htdocs\personnel\vendor\codeigniter4\framework\system\Database\BaseConnection.php(692): CodeIgniter\Database\MySQLi\Connection->execute('INSERT INTO `tb...')
#2 D:\xampp\htdocs\personnel\vendor\codeigniter4\framework\system\Database\BaseConnection.php(606): CodeIgniter\Database\BaseConnection->simpleQuery('INSERT INTO `tb...')
#3 D:\xampp\htdocs\personnel\vendor\codeigniter4\framework\system\Database\BaseBuilder.php(2309): CodeIgniter\Database\BaseConnection->query('INSERT INTO `tb...', Array, false)
#4 D:\xampp\htdocs\personnel\vendor\codeigniter4\framework\system\Model.php(330): CodeIgniter\Database\BaseBuilder->insert()
#5 D:\xampp\htdocs\personnel\vendor\codeigniter4\framework\system\BaseModel.php(782): CodeIgniter\Model->doInsert(Array)
#6 D:\xampp\htdocs\personnel\vendor\codeigniter4\framework\system\Model.php(730): CodeIgniter\BaseModel->insert(Array, true)
#7 D:\xampp\htdocs\personnel\app\Controllers\ConUserPaEvaluation.php(195): CodeIgniter\Model->insert(Array)
#8 D:\xampp\htdocs\personnel\vendor\codeigniter4\framework\system\CodeIgniter.php(934): App\Controllers\ConUserPaEvaluation->savePaEvaluation()
#9 D:\xampp\htdocs\personnel\vendor\codeigniter4\framework\system\CodeIgniter.php(499): CodeIgniter\CodeIgniter->runController(Object(App\Controllers\ConUserPaEvaluation))
#10 D:\xampp\htdocs\personnel\vendor\codeigniter4\framework\system\CodeIgniter.php(368): CodeIgniter\CodeIgniter->handleRequest(NULL, Object(Config\Cache), false)
#11 D:\xampp\htdocs\personnel\index.php(67): CodeIgniter\CodeIgniter->run()
#12 {main}
ERROR - 2025-09-18 09:19:38 --> mysqli_sql_exception: Cannot add or update a child row: a foreign key constraint fails (`skjacth_pa_evaluation`.`tb_item_scores`, CONSTRAINT `tb_item_scores_ibfk_1` FOREIGN KEY (`es_id`) REFERENCES `tb_evaluator_scores` (`es_id`)) in D:\xampp\htdocs\personnel\vendor\codeigniter4\framework\system\Database\MySQLi\Connection.php:295
Stack trace:
#0 D:\xampp\htdocs\personnel\vendor\codeigniter4\framework\system\Database\MySQLi\Connection.php(295): mysqli->query('INSERT INTO `tb...', 0)
#1 D:\xampp\htdocs\personnel\vendor\codeigniter4\framework\system\Database\BaseConnection.php(692): CodeIgniter\Database\MySQLi\Connection->execute('INSERT INTO `tb...')
#2 D:\xampp\htdocs\personnel\vendor\codeigniter4\framework\system\Database\BaseConnection.php(606): CodeIgniter\Database\BaseConnection->simpleQuery('INSERT INTO `tb...')
#3 D:\xampp\htdocs\personnel\vendor\codeigniter4\framework\system\Database\BaseBuilder.php(2309): CodeIgniter\Database\BaseConnection->query('INSERT INTO `tb...', Array, false)
#4 D:\xampp\htdocs\personnel\vendor\codeigniter4\framework\system\Model.php(330): CodeIgniter\Database\BaseBuilder->insert()
#5 D:\xampp\htdocs\personnel\vendor\codeigniter4\framework\system\BaseModel.php(782): CodeIgniter\Model->doInsert(Array)
#6 D:\xampp\htdocs\personnel\vendor\codeigniter4\framework\system\Model.php(730): CodeIgniter\BaseModel->insert(Array, true)
#7 D:\xampp\htdocs\personnel\app\Controllers\ConUserPaEvaluation.php(195): CodeIgniter\Model->insert(Array)
#8 D:\xampp\htdocs\personnel\vendor\codeigniter4\framework\system\CodeIgniter.php(934): App\Controllers\ConUserPaEvaluation->savePaEvaluation()
#9 D:\xampp\htdocs\personnel\vendor\codeigniter4\framework\system\CodeIgniter.php(499): CodeIgniter\CodeIgniter->runController(Object(App\Controllers\ConUserPaEvaluation))
#10 D:\xampp\htdocs\personnel\vendor\codeigniter4\framework\system\CodeIgniter.php(368): CodeIgniter\CodeIgniter->handleRequest(NULL, Object(Config\Cache), false)
#11 D:\xampp\htdocs\personnel\index.php(67): CodeIgniter\CodeIgniter->run()
#12 {main}
ERROR - 2025-09-18 09:19:38 --> mysqli_sql_exception: Cannot add or update a child row: a foreign key constraint fails (`skjacth_pa_evaluation`.`tb_item_scores`, CONSTRAINT `tb_item_scores_ibfk_1` FOREIGN KEY (`es_id`) REFERENCES `tb_evaluator_scores` (`es_id`)) in D:\xampp\htdocs\personnel\vendor\codeigniter4\framework\system\Database\MySQLi\Connection.php:295
Stack trace:
#0 D:\xampp\htdocs\personnel\vendor\codeigniter4\framework\system\Database\MySQLi\Connection.php(295): mysqli->query('INSERT INTO `tb...', 0)
#1 D:\xampp\htdocs\personnel\vendor\codeigniter4\framework\system\Database\BaseConnection.php(692): CodeIgniter\Database\MySQLi\Connection->execute('INSERT INTO `tb...')
#2 D:\xampp\htdocs\personnel\vendor\codeigniter4\framework\system\Database\BaseConnection.php(606): CodeIgniter\Database\BaseConnection->simpleQuery('INSERT INTO `tb...')
#3 D:\xampp\htdocs\personnel\vendor\codeigniter4\framework\system\Database\BaseBuilder.php(2309): CodeIgniter\Database\BaseConnection->query('INSERT INTO `tb...', Array, false)
#4 D:\xampp\htdocs\personnel\vendor\codeigniter4\framework\system\Model.php(330): CodeIgniter\Database\BaseBuilder->insert()
#5 D:\xampp\htdocs\personnel\vendor\codeigniter4\framework\system\BaseModel.php(782): CodeIgniter\Model->doInsert(Array)
#6 D:\xampp\htdocs\personnel\vendor\codeigniter4\framework\system\Model.php(730): CodeIgniter\BaseModel->insert(Array, true)
#7 D:\xampp\htdocs\personnel\app\Controllers\ConUserPaEvaluation.php(195): CodeIgniter\Model->insert(Array)
#8 D:\xampp\htdocs\personnel\vendor\codeigniter4\framework\system\CodeIgniter.php(934): App\Controllers\ConUserPaEvaluation->savePaEvaluation()
#9 D:\xampp\htdocs\personnel\vendor\codeigniter4\framework\system\CodeIgniter.php(499): CodeIgniter\CodeIgniter->runController(Object(App\Controllers\ConUserPaEvaluation))
#10 D:\xampp\htdocs\personnel\vendor\codeigniter4\framework\system\CodeIgniter.php(368): CodeIgniter\CodeIgniter->handleRequest(NULL, Object(Config\Cache), false)
#11 D:\xampp\htdocs\personnel\index.php(67): CodeIgniter\CodeIgniter->run()
#12 {main}
ERROR - 2025-09-18 09:19:38 --> mysqli_sql_exception: Cannot add or update a child row: a foreign key constraint fails (`skjacth_pa_evaluation`.`tb_item_scores`, CONSTRAINT `tb_item_scores_ibfk_1` FOREIGN KEY (`es_id`) REFERENCES `tb_evaluator_scores` (`es_id`)) in D:\xampp\htdocs\personnel\vendor\codeigniter4\framework\system\Database\MySQLi\Connection.php:295
Stack trace:
#0 D:\xampp\htdocs\personnel\vendor\codeigniter4\framework\system\Database\MySQLi\Connection.php(295): mysqli->query('INSERT INTO `tb...', 0)
#1 D:\xampp\htdocs\personnel\vendor\codeigniter4\framework\system\Database\BaseConnection.php(692): CodeIgniter\Database\MySQLi\Connection->execute('INSERT INTO `tb...')
#2 D:\xampp\htdocs\personnel\vendor\codeigniter4\framework\system\Database\BaseConnection.php(606): CodeIgniter\Database\BaseConnection->simpleQuery('INSERT INTO `tb...')
#3 D:\xampp\htdocs\personnel\vendor\codeigniter4\framework\system\Database\BaseBuilder.php(2309): CodeIgniter\Database\BaseConnection->query('INSERT INTO `tb...', Array, false)
#4 D:\xampp\htdocs\personnel\vendor\codeigniter4\framework\system\Model.php(330): CodeIgniter\Database\BaseBuilder->insert()
#5 D:\xampp\htdocs\personnel\vendor\codeigniter4\framework\system\BaseModel.php(782): CodeIgniter\Model->doInsert(Array)
#6 D:\xampp\htdocs\personnel\vendor\codeigniter4\framework\system\Model.php(730): CodeIgniter\BaseModel->insert(Array, true)
#7 D:\xampp\htdocs\personnel\app\Controllers\ConUserPaEvaluation.php(195): CodeIgniter\Model->insert(Array)
#8 D:\xampp\htdocs\personnel\vendor\codeigniter4\framework\system\CodeIgniter.php(934): App\Controllers\ConUserPaEvaluation->savePaEvaluation()
#9 D:\xampp\htdocs\personnel\vendor\codeigniter4\framework\system\CodeIgniter.php(499): CodeIgniter\CodeIgniter->runController(Object(App\Controllers\ConUserPaEvaluation))
#10 D:\xampp\htdocs\personnel\vendor\codeigniter4\framework\system\CodeIgniter.php(368): CodeIgniter\CodeIgniter->handleRequest(NULL, Object(Config\Cache), false)
#11 D:\xampp\htdocs\personnel\index.php(67): CodeIgniter\CodeIgniter->run()
#12 {main}
ERROR - 2025-09-18 09:19:38 --> mysqli_sql_exception: Cannot add or update a child row: a foreign key constraint fails (`skjacth_pa_evaluation`.`tb_item_scores`, CONSTRAINT `tb_item_scores_ibfk_1` FOREIGN KEY (`es_id`) REFERENCES `tb_evaluator_scores` (`es_id`)) in D:\xampp\htdocs\personnel\vendor\codeigniter4\framework\system\Database\MySQLi\Connection.php:295
Stack trace:
#0 D:\xampp\htdocs\personnel\vendor\codeigniter4\framework\system\Database\MySQLi\Connection.php(295): mysqli->query('INSERT INTO `tb...', 0)
#1 D:\xampp\htdocs\personnel\vendor\codeigniter4\framework\system\Database\BaseConnection.php(692): CodeIgniter\Database\MySQLi\Connection->execute('INSERT INTO `tb...')
#2 D:\xampp\htdocs\personnel\vendor\codeigniter4\framework\system\Database\BaseConnection.php(606): CodeIgniter\Database\BaseConnection->simpleQuery('INSERT INTO `tb...')
#3 D:\xampp\htdocs\personnel\vendor\codeigniter4\framework\system\Database\BaseBuilder.php(2309): CodeIgniter\Database\BaseConnection->query('INSERT INTO `tb...', Array, false)
#4 D:\xampp\htdocs\personnel\vendor\codeigniter4\framework\system\Model.php(330): CodeIgniter\Database\BaseBuilder->insert()
#5 D:\xampp\htdocs\personnel\vendor\codeigniter4\framework\system\BaseModel.php(782): CodeIgniter\Model->doInsert(Array)
#6 D:\xampp\htdocs\personnel\vendor\codeigniter4\framework\system\Model.php(730): CodeIgniter\BaseModel->insert(Array, true)
#7 D:\xampp\htdocs\personnel\app\Controllers\ConUserPaEvaluation.php(195): CodeIgniter\Model->insert(Array)
#8 D:\xampp\htdocs\personnel\vendor\codeigniter4\framework\system\CodeIgniter.php(934): App\Controllers\ConUserPaEvaluation->savePaEvaluation()
#9 D:\xampp\htdocs\personnel\vendor\codeigniter4\framework\system\CodeIgniter.php(499): CodeIgniter\CodeIgniter->runController(Object(App\Controllers\ConUserPaEvaluation))
#10 D:\xampp\htdocs\personnel\vendor\codeigniter4\framework\system\CodeIgniter.php(368): CodeIgniter\CodeIgniter->handleRequest(NULL, Object(Config\Cache), false)
#11 D:\xampp\htdocs\personnel\index.php(67): CodeIgniter\CodeIgniter->run()
#12 {main}
ERROR - 2025-09-18 09:19:38 --> mysqli_sql_exception: Cannot add or update a child row: a foreign key constraint fails (`skjacth_pa_evaluation`.`tb_item_scores`, CONSTRAINT `tb_item_scores_ibfk_1` FOREIGN KEY (`es_id`) REFERENCES `tb_evaluator_scores` (`es_id`)) in D:\xampp\htdocs\personnel\vendor\codeigniter4\framework\system\Database\MySQLi\Connection.php:295
Stack trace:
#0 D:\xampp\htdocs\personnel\vendor\codeigniter4\framework\system\Database\MySQLi\Connection.php(295): mysqli->query('INSERT INTO `tb...', 0)
#1 D:\xampp\htdocs\personnel\vendor\codeigniter4\framework\system\Database\BaseConnection.php(692): CodeIgniter\Database\MySQLi\Connection->execute('INSERT INTO `tb...')
#2 D:\xampp\htdocs\personnel\vendor\codeigniter4\framework\system\Database\BaseConnection.php(606): CodeIgniter\Database\BaseConnection->simpleQuery('INSERT INTO `tb...')
#3 D:\xampp\htdocs\personnel\vendor\codeigniter4\framework\system\Database\BaseBuilder.php(2309): CodeIgniter\Database\BaseConnection->query('INSERT INTO `tb...', Array, false)
#4 D:\xampp\htdocs\personnel\vendor\codeigniter4\framework\system\Model.php(330): CodeIgniter\Database\BaseBuilder->insert()
#5 D:\xampp\htdocs\personnel\vendor\codeigniter4\framework\system\BaseModel.php(782): CodeIgniter\Model->doInsert(Array)
#6 D:\xampp\htdocs\personnel\vendor\codeigniter4\framework\system\Model.php(730): CodeIgniter\BaseModel->insert(Array, true)
#7 D:\xampp\htdocs\personnel\app\Controllers\ConUserPaEvaluation.php(195): CodeIgniter\Model->insert(Array)
#8 D:\xampp\htdocs\personnel\vendor\codeigniter4\framework\system\CodeIgniter.php(934): App\Controllers\ConUserPaEvaluation->savePaEvaluation()
#9 D:\xampp\htdocs\personnel\vendor\codeigniter4\framework\system\CodeIgniter.php(499): CodeIgniter\CodeIgniter->runController(Object(App\Controllers\ConUserPaEvaluation))
#10 D:\xampp\htdocs\personnel\vendor\codeigniter4\framework\system\CodeIgniter.php(368): CodeIgniter\CodeIgniter->handleRequest(NULL, Object(Config\Cache), false)
#11 D:\xampp\htdocs\personnel\index.php(67): CodeIgniter\CodeIgniter->run()
#12 {main}
ERROR - 2025-09-18 09:19:38 --> mysqli_sql_exception: Cannot add or update a child row: a foreign key constraint fails (`skjacth_pa_evaluation`.`tb_item_scores`, CONSTRAINT `tb_item_scores_ibfk_1` FOREIGN KEY (`es_id`) REFERENCES `tb_evaluator_scores` (`es_id`)) in D:\xampp\htdocs\personnel\vendor\codeigniter4\framework\system\Database\MySQLi\Connection.php:295
Stack trace:
#0 D:\xampp\htdocs\personnel\vendor\codeigniter4\framework\system\Database\MySQLi\Connection.php(295): mysqli->query('INSERT INTO `tb...', 0)
#1 D:\xampp\htdocs\personnel\vendor\codeigniter4\framework\system\Database\BaseConnection.php(692): CodeIgniter\Database\MySQLi\Connection->execute('INSERT INTO `tb...')
#2 D:\xampp\htdocs\personnel\vendor\codeigniter4\framework\system\Database\BaseConnection.php(606): CodeIgniter\Database\BaseConnection->simpleQuery('INSERT INTO `tb...')
#3 D:\xampp\htdocs\personnel\vendor\codeigniter4\framework\system\Database\BaseBuilder.php(2309): CodeIgniter\Database\BaseConnection->query('INSERT INTO `tb...', Array, false)
#4 D:\xampp\htdocs\personnel\vendor\codeigniter4\framework\system\Model.php(330): CodeIgniter\Database\BaseBuilder->insert()
#5 D:\xampp\htdocs\personnel\vendor\codeigniter4\framework\system\BaseModel.php(782): CodeIgniter\Model->doInsert(Array)
#6 D:\xampp\htdocs\personnel\vendor\codeigniter4\framework\system\Model.php(730): CodeIgniter\BaseModel->insert(Array, true)
#7 D:\xampp\htdocs\personnel\app\Controllers\ConUserPaEvaluation.php(195): CodeIgniter\Model->insert(Array)
#8 D:\xampp\htdocs\personnel\vendor\codeigniter4\framework\system\CodeIgniter.php(934): App\Controllers\ConUserPaEvaluation->savePaEvaluation()
#9 D:\xampp\htdocs\personnel\vendor\codeigniter4\framework\system\CodeIgniter.php(499): CodeIgniter\CodeIgniter->runController(Object(App\Controllers\ConUserPaEvaluation))
#10 D:\xampp\htdocs\personnel\vendor\codeigniter4\framework\system\CodeIgniter.php(368): CodeIgniter\CodeIgniter->handleRequest(NULL, Object(Config\Cache), false)
#11 D:\xampp\htdocs\personnel\index.php(67): CodeIgniter\CodeIgniter->run()
#12 {main}
ERROR - 2025-09-18 09:19:38 --> mysqli_sql_exception: Cannot add or update a child row: a foreign key constraint fails (`skjacth_pa_evaluation`.`tb_item_scores`, CONSTRAINT `tb_item_scores_ibfk_1` FOREIGN KEY (`es_id`) REFERENCES `tb_evaluator_scores` (`es_id`)) in D:\xampp\htdocs\personnel\vendor\codeigniter4\framework\system\Database\MySQLi\Connection.php:295
Stack trace:
#0 D:\xampp\htdocs\personnel\vendor\codeigniter4\framework\system\Database\MySQLi\Connection.php(295): mysqli->query('INSERT INTO `tb...', 0)
#1 D:\xampp\htdocs\personnel\vendor\codeigniter4\framework\system\Database\BaseConnection.php(692): CodeIgniter\Database\MySQLi\Connection->execute('INSERT INTO `tb...')
#2 D:\xampp\htdocs\personnel\vendor\codeigniter4\framework\system\Database\BaseConnection.php(606): CodeIgniter\Database\BaseConnection->simpleQuery('INSERT INTO `tb...')
#3 D:\xampp\htdocs\personnel\vendor\codeigniter4\framework\system\Database\BaseBuilder.php(2309): CodeIgniter\Database\BaseConnection->query('INSERT INTO `tb...', Array, false)
#4 D:\xampp\htdocs\personnel\vendor\codeigniter4\framework\system\Model.php(330): CodeIgniter\Database\BaseBuilder->insert()
#5 D:\xampp\htdocs\personnel\vendor\codeigniter4\framework\system\BaseModel.php(782): CodeIgniter\Model->doInsert(Array)
#6 D:\xampp\htdocs\personnel\vendor\codeigniter4\framework\system\Model.php(730): CodeIgniter\BaseModel->insert(Array, true)
#7 D:\xampp\htdocs\personnel\app\Controllers\ConUserPaEvaluation.php(195): CodeIgniter\Model->insert(Array)
#8 D:\xampp\htdocs\personnel\vendor\codeigniter4\framework\system\CodeIgniter.php(934): App\Controllers\ConUserPaEvaluation->savePaEvaluation()
#9 D:\xampp\htdocs\personnel\vendor\codeigniter4\framework\system\CodeIgniter.php(499): CodeIgniter\CodeIgniter->runController(Object(App\Controllers\ConUserPaEvaluation))
#10 D:\xampp\htdocs\personnel\vendor\codeigniter4\framework\system\CodeIgniter.php(368): CodeIgniter\CodeIgniter->handleRequest(NULL, Object(Config\Cache), false)
#11 D:\xampp\htdocs\personnel\index.php(67): CodeIgniter\CodeIgniter->run()
#12 {main}
ERROR - 2025-09-18 09:19:38 --> mysqli_sql_exception: Cannot add or update a child row: a foreign key constraint fails (`skjacth_pa_evaluation`.`tb_item_scores`, CONSTRAINT `tb_item_scores_ibfk_1` FOREIGN KEY (`es_id`) REFERENCES `tb_evaluator_scores` (`es_id`)) in D:\xampp\htdocs\personnel\vendor\codeigniter4\framework\system\Database\MySQLi\Connection.php:295
Stack trace:
#0 D:\xampp\htdocs\personnel\vendor\codeigniter4\framework\system\Database\MySQLi\Connection.php(295): mysqli->query('INSERT INTO `tb...', 0)
#1 D:\xampp\htdocs\personnel\vendor\codeigniter4\framework\system\Database\BaseConnection.php(692): CodeIgniter\Database\MySQLi\Connection->execute('INSERT INTO `tb...')
#2 D:\xampp\htdocs\personnel\vendor\codeigniter4\framework\system\Database\BaseConnection.php(606): CodeIgniter\Database\BaseConnection->simpleQuery('INSERT INTO `tb...')
#3 D:\xampp\htdocs\personnel\vendor\codeigniter4\framework\system\Database\BaseBuilder.php(2309): CodeIgniter\Database\BaseConnection->query('INSERT INTO `tb...', Array, false)
#4 D:\xampp\htdocs\personnel\vendor\codeigniter4\framework\system\Model.php(330): CodeIgniter\Database\BaseBuilder->insert()
#5 D:\xampp\htdocs\personnel\vendor\codeigniter4\framework\system\BaseModel.php(782): CodeIgniter\Model->doInsert(Array)
#6 D:\xampp\htdocs\personnel\vendor\codeigniter4\framework\system\Model.php(730): CodeIgniter\BaseModel->insert(Array, true)
#7 D:\xampp\htdocs\personnel\app\Controllers\ConUserPaEvaluation.php(195): CodeIgniter\Model->insert(Array)
#8 D:\xampp\htdocs\personnel\vendor\codeigniter4\framework\system\CodeIgniter.php(934): App\Controllers\ConUserPaEvaluation->savePaEvaluation()
#9 D:\xampp\htdocs\personnel\vendor\codeigniter4\framework\system\CodeIgniter.php(499): CodeIgniter\CodeIgniter->runController(Object(App\Controllers\ConUserPaEvaluation))
#10 D:\xampp\htdocs\personnel\vendor\codeigniter4\framework\system\CodeIgniter.php(368): CodeIgniter\CodeIgniter->handleRequest(NULL, Object(Config\Cache), false)
#11 D:\xampp\htdocs\personnel\index.php(67): CodeIgniter\CodeIgniter->run()
#12 {main}
INFO - 2025-09-18 09:19:38 --> Session: Class initialized using 'CodeIgniter\Session\Handlers\FileHandler' driver.
INFO - 2025-09-18 09:21:24 --> Session: Class initialized using 'CodeIgniter\Session\Handlers\FileHandler' driver.
INFO - 2025-09-18 09:21:37 --> Session: Class initialized using 'CodeIgniter\Session\Handlers\FileHandler' driver.
ERROR - 2025-09-18 09:21:37 --> mysqli_sql_exception: Cannot add or update a child row: a foreign key constraint fails (`skjacth_pa_evaluation`.`tb_evaluations`, CONSTRAINT `tb_evaluations_ibfk_1` FOREIGN KEY (`t_id`) REFERENCES `tb_personnel` (`pers_id`)) in D:\xampp\htdocs\personnel\vendor\codeigniter4\framework\system\Database\MySQLi\Connection.php:295
Stack trace:
#0 D:\xampp\htdocs\personnel\vendor\codeigniter4\framework\system\Database\MySQLi\Connection.php(295): mysqli->query('INSERT INTO `tb...', 0)
#1 D:\xampp\htdocs\personnel\vendor\codeigniter4\framework\system\Database\BaseConnection.php(692): CodeIgniter\Database\MySQLi\Connection->execute('INSERT INTO `tb...')
#2 D:\xampp\htdocs\personnel\vendor\codeigniter4\framework\system\Database\BaseConnection.php(606): CodeIgniter\Database\BaseConnection->simpleQuery('INSERT INTO `tb...')
#3 D:\xampp\htdocs\personnel\vendor\codeigniter4\framework\system\Database\BaseBuilder.php(2309): CodeIgniter\Database\BaseConnection->query('INSERT INTO `tb...', Array, false)
#4 D:\xampp\htdocs\personnel\vendor\codeigniter4\framework\system\Model.php(330): CodeIgniter\Database\BaseBuilder->insert()
#5 D:\xampp\htdocs\personnel\vendor\codeigniter4\framework\system\BaseModel.php(782): CodeIgniter\Model->doInsert(Array)
#6 D:\xampp\htdocs\personnel\vendor\codeigniter4\framework\system\Model.php(730): CodeIgniter\BaseModel->insert(Array, true)
#7 D:\xampp\htdocs\personnel\app\Controllers\ConUserPaEvaluation.php(165): CodeIgniter\Model->insert(Array)
#8 D:\xampp\htdocs\personnel\vendor\codeigniter4\framework\system\CodeIgniter.php(934): App\Controllers\ConUserPaEvaluation->savePaEvaluation()
#9 D:\xampp\htdocs\personnel\vendor\codeigniter4\framework\system\CodeIgniter.php(499): CodeIgniter\CodeIgniter->runController(Object(App\Controllers\ConUserPaEvaluation))
#10 D:\xampp\htdocs\personnel\vendor\codeigniter4\framework\system\CodeIgniter.php(368): CodeIgniter\CodeIgniter->handleRequest(NULL, Object(Config\Cache), false)
#11 D:\xampp\htdocs\personnel\index.php(67): CodeIgniter\CodeIgniter->run()
#12 {main}
ERROR - 2025-09-18 09:21:37 --> mysqli_sql_exception: Column 'e_id' cannot be null in D:\xampp\htdocs\personnel\vendor\codeigniter4\framework\system\Database\MySQLi\Connection.php:295
Stack trace:
#0 D:\xampp\htdocs\personnel\vendor\codeigniter4\framework\system\Database\MySQLi\Connection.php(295): mysqli->query('INSERT INTO `tb...', 0)
#1 D:\xampp\htdocs\personnel\vendor\codeigniter4\framework\system\Database\BaseConnection.php(692): CodeIgniter\Database\MySQLi\Connection->execute('INSERT INTO `tb...')
#2 D:\xampp\htdocs\personnel\vendor\codeigniter4\framework\system\Database\BaseConnection.php(606): CodeIgniter\Database\BaseConnection->simpleQuery('INSERT INTO `tb...')
#3 D:\xampp\htdocs\personnel\vendor\codeigniter4\framework\system\Database\BaseBuilder.php(2309): CodeIgniter\Database\BaseConnection->query('INSERT INTO `tb...', Array, false)
#4 D:\xampp\htdocs\personnel\vendor\codeigniter4\framework\system\Model.php(330): CodeIgniter\Database\BaseBuilder->insert()
#5 D:\xampp\htdocs\personnel\vendor\codeigniter4\framework\system\BaseModel.php(782): CodeIgniter\Model->doInsert(Array)
#6 D:\xampp\htdocs\personnel\vendor\codeigniter4\framework\system\Model.php(730): CodeIgniter\BaseModel->insert(Array, true)
#7 D:\xampp\htdocs\personnel\app\Controllers\ConUserPaEvaluation.php(179): CodeIgniter\Model->insert(Array)
#8 D:\xampp\htdocs\personnel\vendor\codeigniter4\framework\system\CodeIgniter.php(934): App\Controllers\ConUserPaEvaluation->savePaEvaluation()
#9 D:\xampp\htdocs\personnel\vendor\codeigniter4\framework\system\CodeIgniter.php(499): CodeIgniter\CodeIgniter->runController(Object(App\Controllers\ConUserPaEvaluation))
#10 D:\xampp\htdocs\personnel\vendor\codeigniter4\framework\system\CodeIgniter.php(368): CodeIgniter\CodeIgniter->handleRequest(NULL, Object(Config\Cache), false)
#11 D:\xampp\htdocs\personnel\index.php(67): CodeIgniter\CodeIgniter->run()
#12 {main}
ERROR - 2025-09-18 09:21:37 --> mysqli_sql_exception: Cannot add or update a child row: a foreign key constraint fails (`skjacth_pa_evaluation`.`tb_item_scores`, CONSTRAINT `tb_item_scores_ibfk_1` FOREIGN KEY (`es_id`) REFERENCES `tb_evaluator_scores` (`es_id`)) in D:\xampp\htdocs\personnel\vendor\codeigniter4\framework\system\Database\MySQLi\Connection.php:295
Stack trace:
#0 D:\xampp\htdocs\personnel\vendor\codeigniter4\framework\system\Database\MySQLi\Connection.php(295): mysqli->query('INSERT INTO `tb...', 0)
#1 D:\xampp\htdocs\personnel\vendor\codeigniter4\framework\system\Database\BaseConnection.php(692): CodeIgniter\Database\MySQLi\Connection->execute('INSERT INTO `tb...')
#2 D:\xampp\htdocs\personnel\vendor\codeigniter4\framework\system\Database\BaseConnection.php(606): CodeIgniter\Database\BaseConnection->simpleQuery('INSERT INTO `tb...')
#3 D:\xampp\htdocs\personnel\vendor\codeigniter4\framework\system\Database\BaseBuilder.php(2309): CodeIgniter\Database\BaseConnection->query('INSERT INTO `tb...', Array, false)
#4 D:\xampp\htdocs\personnel\vendor\codeigniter4\framework\system\Model.php(330): CodeIgniter\Database\BaseBuilder->insert()
#5 D:\xampp\htdocs\personnel\vendor\codeigniter4\framework\system\BaseModel.php(782): CodeIgniter\Model->doInsert(Array)
#6 D:\xampp\htdocs\personnel\vendor\codeigniter4\framework\system\Model.php(730): CodeIgniter\BaseModel->insert(Array, true)
#7 D:\xampp\htdocs\personnel\app\Controllers\ConUserPaEvaluation.php(195): CodeIgniter\Model->insert(Array)
#8 D:\xampp\htdocs\personnel\vendor\codeigniter4\framework\system\CodeIgniter.php(934): App\Controllers\ConUserPaEvaluation->savePaEvaluation()
#9 D:\xampp\htdocs\personnel\vendor\codeigniter4\framework\system\CodeIgniter.php(499): CodeIgniter\CodeIgniter->runController(Object(App\Controllers\ConUserPaEvaluation))
#10 D:\xampp\htdocs\personnel\vendor\codeigniter4\framework\system\CodeIgniter.php(368): CodeIgniter\CodeIgniter->handleRequest(NULL, Object(Config\Cache), false)
#11 D:\xampp\htdocs\personnel\index.php(67): CodeIgniter\CodeIgniter->run()
#12 {main}
ERROR - 2025-09-18 09:21:37 --> mysqli_sql_exception: Cannot add or update a child row: a foreign key constraint fails (`skjacth_pa_evaluation`.`tb_item_scores`, CONSTRAINT `tb_item_scores_ibfk_1` FOREIGN KEY (`es_id`) REFERENCES `tb_evaluator_scores` (`es_id`)) in D:\xampp\htdocs\personnel\vendor\codeigniter4\framework\system\Database\MySQLi\Connection.php:295
Stack trace:
#0 D:\xampp\htdocs\personnel\vendor\codeigniter4\framework\system\Database\MySQLi\Connection.php(295): mysqli->query('INSERT INTO `tb...', 0)
#1 D:\xampp\htdocs\personnel\vendor\codeigniter4\framework\system\Database\BaseConnection.php(692): CodeIgniter\Database\MySQLi\Connection->execute('INSERT INTO `tb...')
#2 D:\xampp\htdocs\personnel\vendor\codeigniter4\framework\system\Database\BaseConnection.php(606): CodeIgniter\Database\BaseConnection->simpleQuery('INSERT INTO `tb...')
#3 D:\xampp\htdocs\personnel\vendor\codeigniter4\framework\system\Database\BaseBuilder.php(2309): CodeIgniter\Database\BaseConnection->query('INSERT INTO `tb...', Array, false)
#4 D:\xampp\htdocs\personnel\vendor\codeigniter4\framework\system\Model.php(330): CodeIgniter\Database\BaseBuilder->insert()
#5 D:\xampp\htdocs\personnel\vendor\codeigniter4\framework\system\BaseModel.php(782): CodeIgniter\Model->doInsert(Array)
#6 D:\xampp\htdocs\personnel\vendor\codeigniter4\framework\system\Model.php(730): CodeIgniter\BaseModel->insert(Array, true)
#7 D:\xampp\htdocs\personnel\app\Controllers\ConUserPaEvaluation.php(195): CodeIgniter\Model->insert(Array)
#8 D:\xampp\htdocs\personnel\vendor\codeigniter4\framework\system\CodeIgniter.php(934): App\Controllers\ConUserPaEvaluation->savePaEvaluation()
#9 D:\xampp\htdocs\personnel\vendor\codeigniter4\framework\system\CodeIgniter.php(499): CodeIgniter\CodeIgniter->runController(Object(App\Controllers\ConUserPaEvaluation))
#10 D:\xampp\htdocs\personnel\vendor\codeigniter4\framework\system\CodeIgniter.php(368): CodeIgniter\CodeIgniter->handleRequest(NULL, Object(Config\Cache), false)
#11 D:\xampp\htdocs\personnel\index.php(67): CodeIgniter\CodeIgniter->run()
#12 {main}
ERROR - 2025-09-18 09:21:37 --> mysqli_sql_exception: Cannot add or update a child row: a foreign key constraint fails (`skjacth_pa_evaluation`.`tb_item_scores`, CONSTRAINT `tb_item_scores_ibfk_1` FOREIGN KEY (`es_id`) REFERENCES `tb_evaluator_scores` (`es_id`)) in D:\xampp\htdocs\personnel\vendor\codeigniter4\framework\system\Database\MySQLi\Connection.php:295
Stack trace:
#0 D:\xampp\htdocs\personnel\vendor\codeigniter4\framework\system\Database\MySQLi\Connection.php(295): mysqli->query('INSERT INTO `tb...', 0)
#1 D:\xampp\htdocs\personnel\vendor\codeigniter4\framework\system\Database\BaseConnection.php(692): CodeIgniter\Database\MySQLi\Connection->execute('INSERT INTO `tb...')
#2 D:\xampp\htdocs\personnel\vendor\codeigniter4\framework\system\Database\BaseConnection.php(606): CodeIgniter\Database\BaseConnection->simpleQuery('INSERT INTO `tb...')
#3 D:\xampp\htdocs\personnel\vendor\codeigniter4\framework\system\Database\BaseBuilder.php(2309): CodeIgniter\Database\BaseConnection->query('INSERT INTO `tb...', Array, false)
#4 D:\xampp\htdocs\personnel\vendor\codeigniter4\framework\system\Model.php(330): CodeIgniter\Database\BaseBuilder->insert()
#5 D:\xampp\htdocs\personnel\vendor\codeigniter4\framework\system\BaseModel.php(782): CodeIgniter\Model->doInsert(Array)
#6 D:\xampp\htdocs\personnel\vendor\codeigniter4\framework\system\Model.php(730): CodeIgniter\BaseModel->insert(Array, true)
#7 D:\xampp\htdocs\personnel\app\Controllers\ConUserPaEvaluation.php(195): CodeIgniter\Model->insert(Array)
#8 D:\xampp\htdocs\personnel\vendor\codeigniter4\framework\system\CodeIgniter.php(934): App\Controllers\ConUserPaEvaluation->savePaEvaluation()
#9 D:\xampp\htdocs\personnel\vendor\codeigniter4\framework\system\CodeIgniter.php(499): CodeIgniter\CodeIgniter->runController(Object(App\Controllers\ConUserPaEvaluation))
#10 D:\xampp\htdocs\personnel\vendor\codeigniter4\framework\system\CodeIgniter.php(368): CodeIgniter\CodeIgniter->handleRequest(NULL, Object(Config\Cache), false)
#11 D:\xampp\htdocs\personnel\index.php(67): CodeIgniter\CodeIgniter->run()
#12 {main}
ERROR - 2025-09-18 09:21:37 --> mysqli_sql_exception: Cannot add or update a child row: a foreign key constraint fails (`skjacth_pa_evaluation`.`tb_item_scores`, CONSTRAINT `tb_item_scores_ibfk_1` FOREIGN KEY (`es_id`) REFERENCES `tb_evaluator_scores` (`es_id`)) in D:\xampp\htdocs\personnel\vendor\codeigniter4\framework\system\Database\MySQLi\Connection.php:295
Stack trace:
#0 D:\xampp\htdocs\personnel\vendor\codeigniter4\framework\system\Database\MySQLi\Connection.php(295): mysqli->query('INSERT INTO `tb...', 0)
#1 D:\xampp\htdocs\personnel\vendor\codeigniter4\framework\system\Database\BaseConnection.php(692): CodeIgniter\Database\MySQLi\Connection->execute('INSERT INTO `tb...')
#2 D:\xampp\htdocs\personnel\vendor\codeigniter4\framework\system\Database\BaseConnection.php(606): CodeIgniter\Database\BaseConnection->simpleQuery('INSERT INTO `tb...')
#3 D:\xampp\htdocs\personnel\vendor\codeigniter4\framework\system\Database\BaseBuilder.php(2309): CodeIgniter\Database\BaseConnection->query('INSERT INTO `tb...', Array, false)
#4 D:\xampp\htdocs\personnel\vendor\codeigniter4\framework\system\Model.php(330): CodeIgniter\Database\BaseBuilder->insert()
#5 D:\xampp\htdocs\personnel\vendor\codeigniter4\framework\system\BaseModel.php(782): CodeIgniter\Model->doInsert(Array)
#6 D:\xampp\htdocs\personnel\vendor\codeigniter4\framework\system\Model.php(730): CodeIgniter\BaseModel->insert(Array, true)
#7 D:\xampp\htdocs\personnel\app\Controllers\ConUserPaEvaluation.php(195): CodeIgniter\Model->insert(Array)
#8 D:\xampp\htdocs\personnel\vendor\codeigniter4\framework\system\CodeIgniter.php(934): App\Controllers\ConUserPaEvaluation->savePaEvaluation()
#9 D:\xampp\htdocs\personnel\vendor\codeigniter4\framework\system\CodeIgniter.php(499): CodeIgniter\CodeIgniter->runController(Object(App\Controllers\ConUserPaEvaluation))
#10 D:\xampp\htdocs\personnel\vendor\codeigniter4\framework\system\CodeIgniter.php(368): CodeIgniter\CodeIgniter->handleRequest(NULL, Object(Config\Cache), false)
#11 D:\xampp\htdocs\personnel\index.php(67): CodeIgniter\CodeIgniter->run()
#12 {main}
ERROR - 2025-09-18 09:21:37 --> mysqli_sql_exception: Cannot add or update a child row: a foreign key constraint fails (`skjacth_pa_evaluation`.`tb_item_scores`, CONSTRAINT `tb_item_scores_ibfk_1` FOREIGN KEY (`es_id`) REFERENCES `tb_evaluator_scores` (`es_id`)) in D:\xampp\htdocs\personnel\vendor\codeigniter4\framework\system\Database\MySQLi\Connection.php:295
Stack trace:
#0 D:\xampp\htdocs\personnel\vendor\codeigniter4\framework\system\Database\MySQLi\Connection.php(295): mysqli->query('INSERT INTO `tb...', 0)
#1 D:\xampp\htdocs\personnel\vendor\codeigniter4\framework\system\Database\BaseConnection.php(692): CodeIgniter\Database\MySQLi\Connection->execute('INSERT INTO `tb...')
#2 D:\xampp\htdocs\personnel\vendor\codeigniter4\framework\system\Database\BaseConnection.php(606): CodeIgniter\Database\BaseConnection->simpleQuery('INSERT INTO `tb...')
#3 D:\xampp\htdocs\personnel\vendor\codeigniter4\framework\system\Database\BaseBuilder.php(2309): CodeIgniter\Database\BaseConnection->query('INSERT INTO `tb...', Array, false)
#4 D:\xampp\htdocs\personnel\vendor\codeigniter4\framework\system\Model.php(330): CodeIgniter\Database\BaseBuilder->insert()
#5 D:\xampp\htdocs\personnel\vendor\codeigniter4\framework\system\BaseModel.php(782): CodeIgniter\Model->doInsert(Array)
#6 D:\xampp\htdocs\personnel\vendor\codeigniter4\framework\system\Model.php(730): CodeIgniter\BaseModel->insert(Array, true)
#7 D:\xampp\htdocs\personnel\app\Controllers\ConUserPaEvaluation.php(195): CodeIgniter\Model->insert(Array)
#8 D:\xampp\htdocs\personnel\vendor\codeigniter4\framework\system\CodeIgniter.php(934): App\Controllers\ConUserPaEvaluation->savePaEvaluation()
#9 D:\xampp\htdocs\personnel\vendor\codeigniter4\framework\system\CodeIgniter.php(499): CodeIgniter\CodeIgniter->runController(Object(App\Controllers\ConUserPaEvaluation))
#10 D:\xampp\htdocs\personnel\vendor\codeigniter4\framework\system\CodeIgniter.php(368): CodeIgniter\CodeIgniter->handleRequest(NULL, Object(Config\Cache), false)
#11 D:\xampp\htdocs\personnel\index.php(67): CodeIgniter\CodeIgniter->run()
#12 {main}
ERROR - 2025-09-18 09:21:37 --> mysqli_sql_exception: Cannot add or update a child row: a foreign key constraint fails (`skjacth_pa_evaluation`.`tb_item_scores`, CONSTRAINT `tb_item_scores_ibfk_1` FOREIGN KEY (`es_id`) REFERENCES `tb_evaluator_scores` (`es_id`)) in D:\xampp\htdocs\personnel\vendor\codeigniter4\framework\system\Database\MySQLi\Connection.php:295
Stack trace:
#0 D:\xampp\htdocs\personnel\vendor\codeigniter4\framework\system\Database\MySQLi\Connection.php(295): mysqli->query('INSERT INTO `tb...', 0)
#1 D:\xampp\htdocs\personnel\vendor\codeigniter4\framework\system\Database\BaseConnection.php(692): CodeIgniter\Database\MySQLi\Connection->execute('INSERT INTO `tb...')
#2 D:\xampp\htdocs\personnel\vendor\codeigniter4\framework\system\Database\BaseConnection.php(606): CodeIgniter\Database\BaseConnection->simpleQuery('INSERT INTO `tb...')
#3 D:\xampp\htdocs\personnel\vendor\codeigniter4\framework\system\Database\BaseBuilder.php(2309): CodeIgniter\Database\BaseConnection->query('INSERT INTO `tb...', Array, false)
#4 D:\xampp\htdocs\personnel\vendor\codeigniter4\framework\system\Model.php(330): CodeIgniter\Database\BaseBuilder->insert()
#5 D:\xampp\htdocs\personnel\vendor\codeigniter4\framework\system\BaseModel.php(782): CodeIgniter\Model->doInsert(Array)
#6 D:\xampp\htdocs\personnel\vendor\codeigniter4\framework\system\Model.php(730): CodeIgniter\BaseModel->insert(Array, true)
#7 D:\xampp\htdocs\personnel\app\Controllers\ConUserPaEvaluation.php(195): CodeIgniter\Model->insert(Array)
#8 D:\xampp\htdocs\personnel\vendor\codeigniter4\framework\system\CodeIgniter.php(934): App\Controllers\ConUserPaEvaluation->savePaEvaluation()
#9 D:\xampp\htdocs\personnel\vendor\codeigniter4\framework\system\CodeIgniter.php(499): CodeIgniter\CodeIgniter->runController(Object(App\Controllers\ConUserPaEvaluation))
#10 D:\xampp\htdocs\personnel\vendor\codeigniter4\framework\system\CodeIgniter.php(368): CodeIgniter\CodeIgniter->handleRequest(NULL, Object(Config\Cache), false)
#11 D:\xampp\htdocs\personnel\index.php(67): CodeIgniter\CodeIgniter->run()
#12 {main}
ERROR - 2025-09-18 09:21:37 --> mysqli_sql_exception: Cannot add or update a child row: a foreign key constraint fails (`skjacth_pa_evaluation`.`tb_item_scores`, CONSTRAINT `tb_item_scores_ibfk_1` FOREIGN KEY (`es_id`) REFERENCES `tb_evaluator_scores` (`es_id`)) in D:\xampp\htdocs\personnel\vendor\codeigniter4\framework\system\Database\MySQLi\Connection.php:295
Stack trace:
#0 D:\xampp\htdocs\personnel\vendor\codeigniter4\framework\system\Database\MySQLi\Connection.php(295): mysqli->query('INSERT INTO `tb...', 0)
#1 D:\xampp\htdocs\personnel\vendor\codeigniter4\framework\system\Database\BaseConnection.php(692): CodeIgniter\Database\MySQLi\Connection->execute('INSERT INTO `tb...')
#2 D:\xampp\htdocs\personnel\vendor\codeigniter4\framework\system\Database\BaseConnection.php(606): CodeIgniter\Database\BaseConnection->simpleQuery('INSERT INTO `tb...')
#3 D:\xampp\htdocs\personnel\vendor\codeigniter4\framework\system\Database\BaseBuilder.php(2309): CodeIgniter\Database\BaseConnection->query('INSERT INTO `tb...', Array, false)
#4 D:\xampp\htdocs\personnel\vendor\codeigniter4\framework\system\Model.php(330): CodeIgniter\Database\BaseBuilder->insert()
#5 D:\xampp\htdocs\personnel\vendor\codeigniter4\framework\system\BaseModel.php(782): CodeIgniter\Model->doInsert(Array)
#6 D:\xampp\htdocs\personnel\vendor\codeigniter4\framework\system\Model.php(730): CodeIgniter\BaseModel->insert(Array, true)
#7 D:\xampp\htdocs\personnel\app\Controllers\ConUserPaEvaluation.php(195): CodeIgniter\Model->insert(Array)
#8 D:\xampp\htdocs\personnel\vendor\codeigniter4\framework\system\CodeIgniter.php(934): App\Controllers\ConUserPaEvaluation->savePaEvaluation()
#9 D:\xampp\htdocs\personnel\vendor\codeigniter4\framework\system\CodeIgniter.php(499): CodeIgniter\CodeIgniter->runController(Object(App\Controllers\ConUserPaEvaluation))
#10 D:\xampp\htdocs\personnel\vendor\codeigniter4\framework\system\CodeIgniter.php(368): CodeIgniter\CodeIgniter->handleRequest(NULL, Object(Config\Cache), false)
#11 D:\xampp\htdocs\personnel\index.php(67): CodeIgniter\CodeIgniter->run()
#12 {main}
ERROR - 2025-09-18 09:21:37 --> mysqli_sql_exception: Cannot add or update a child row: a foreign key constraint fails (`skjacth_pa_evaluation`.`tb_item_scores`, CONSTRAINT `tb_item_scores_ibfk_1` FOREIGN KEY (`es_id`) REFERENCES `tb_evaluator_scores` (`es_id`)) in D:\xampp\htdocs\personnel\vendor\codeigniter4\framework\system\Database\MySQLi\Connection.php:295
Stack trace:
#0 D:\xampp\htdocs\personnel\vendor\codeigniter4\framework\system\Database\MySQLi\Connection.php(295): mysqli->query('INSERT INTO `tb...', 0)
#1 D:\xampp\htdocs\personnel\vendor\codeigniter4\framework\system\Database\BaseConnection.php(692): CodeIgniter\Database\MySQLi\Connection->execute('INSERT INTO `tb...')
#2 D:\xampp\htdocs\personnel\vendor\codeigniter4\framework\system\Database\BaseConnection.php(606): CodeIgniter\Database\BaseConnection->simpleQuery('INSERT INTO `tb...')
#3 D:\xampp\htdocs\personnel\vendor\codeigniter4\framework\system\Database\BaseBuilder.php(2309): CodeIgniter\Database\BaseConnection->query('INSERT INTO `tb...', Array, false)
#4 D:\xampp\htdocs\personnel\vendor\codeigniter4\framework\system\Model.php(330): CodeIgniter\Database\BaseBuilder->insert()
#5 D:\xampp\htdocs\personnel\vendor\codeigniter4\framework\system\BaseModel.php(782): CodeIgniter\Model->doInsert(Array)
#6 D:\xampp\htdocs\personnel\vendor\codeigniter4\framework\system\Model.php(730): CodeIgniter\BaseModel->insert(Array, true)
#7 D:\xampp\htdocs\personnel\app\Controllers\ConUserPaEvaluation.php(195): CodeIgniter\Model->insert(Array)
#8 D:\xampp\htdocs\personnel\vendor\codeigniter4\framework\system\CodeIgniter.php(934): App\Controllers\ConUserPaEvaluation->savePaEvaluation()
#9 D:\xampp\htdocs\personnel\vendor\codeigniter4\framework\system\CodeIgniter.php(499): CodeIgniter\CodeIgniter->runController(Object(App\Controllers\ConUserPaEvaluation))
#10 D:\xampp\htdocs\personnel\vendor\codeigniter4\framework\system\CodeIgniter.php(368): CodeIgniter\CodeIgniter->handleRequest(NULL, Object(Config\Cache), false)
#11 D:\xampp\htdocs\personnel\index.php(67): CodeIgniter\CodeIgniter->run()
#12 {main}
ERROR - 2025-09-18 09:21:37 --> mysqli_sql_exception: Cannot add or update a child row: a foreign key constraint fails (`skjacth_pa_evaluation`.`tb_item_scores`, CONSTRAINT `tb_item_scores_ibfk_1` FOREIGN KEY (`es_id`) REFERENCES `tb_evaluator_scores` (`es_id`)) in D:\xampp\htdocs\personnel\vendor\codeigniter4\framework\system\Database\MySQLi\Connection.php:295
Stack trace:
#0 D:\xampp\htdocs\personnel\vendor\codeigniter4\framework\system\Database\MySQLi\Connection.php(295): mysqli->query('INSERT INTO `tb...', 0)
#1 D:\xampp\htdocs\personnel\vendor\codeigniter4\framework\system\Database\BaseConnection.php(692): CodeIgniter\Database\MySQLi\Connection->execute('INSERT INTO `tb...')
#2 D:\xampp\htdocs\personnel\vendor\codeigniter4\framework\system\Database\BaseConnection.php(606): CodeIgniter\Database\BaseConnection->simpleQuery('INSERT INTO `tb...')
#3 D:\xampp\htdocs\personnel\vendor\codeigniter4\framework\system\Database\BaseBuilder.php(2309): CodeIgniter\Database\BaseConnection->query('INSERT INTO `tb...', Array, false)
#4 D:\xampp\htdocs\personnel\vendor\codeigniter4\framework\system\Model.php(330): CodeIgniter\Database\BaseBuilder->insert()
#5 D:\xampp\htdocs\personnel\vendor\codeigniter4\framework\system\BaseModel.php(782): CodeIgniter\Model->doInsert(Array)
#6 D:\xampp\htdocs\personnel\vendor\codeigniter4\framework\system\Model.php(730): CodeIgniter\BaseModel->insert(Array, true)
#7 D:\xampp\htdocs\personnel\app\Controllers\ConUserPaEvaluation.php(195): CodeIgniter\Model->insert(Array)
#8 D:\xampp\htdocs\personnel\vendor\codeigniter4\framework\system\CodeIgniter.php(934): App\Controllers\ConUserPaEvaluation->savePaEvaluation()
#9 D:\xampp\htdocs\personnel\vendor\codeigniter4\framework\system\CodeIgniter.php(499): CodeIgniter\CodeIgniter->runController(Object(App\Controllers\ConUserPaEvaluation))
#10 D:\xampp\htdocs\personnel\vendor\codeigniter4\framework\system\CodeIgniter.php(368): CodeIgniter\CodeIgniter->handleRequest(NULL, Object(Config\Cache), false)
#11 D:\xampp\htdocs\personnel\index.php(67): CodeIgniter\CodeIgniter->run()
#12 {main}
INFO - 2025-09-18 09:21:43 --> Session: Class initialized using 'CodeIgniter\Session\Handlers\FileHandler' driver.
ERROR - 2025-09-18 09:21:43 --> mysqli_sql_exception: Cannot add or update a child row: a foreign key constraint fails (`skjacth_pa_evaluation`.`tb_evaluations`, CONSTRAINT `tb_evaluations_ibfk_1` FOREIGN KEY (`t_id`) REFERENCES `tb_personnel` (`pers_id`)) in D:\xampp\htdocs\personnel\vendor\codeigniter4\framework\system\Database\MySQLi\Connection.php:295
Stack trace:
#0 D:\xampp\htdocs\personnel\vendor\codeigniter4\framework\system\Database\MySQLi\Connection.php(295): mysqli->query('INSERT INTO `tb...', 0)
#1 D:\xampp\htdocs\personnel\vendor\codeigniter4\framework\system\Database\BaseConnection.php(692): CodeIgniter\Database\MySQLi\Connection->execute('INSERT INTO `tb...')
#2 D:\xampp\htdocs\personnel\vendor\codeigniter4\framework\system\Database\BaseConnection.php(606): CodeIgniter\Database\BaseConnection->simpleQuery('INSERT INTO `tb...')
#3 D:\xampp\htdocs\personnel\vendor\codeigniter4\framework\system\Database\BaseBuilder.php(2309): CodeIgniter\Database\BaseConnection->query('INSERT INTO `tb...', Array, false)
#4 D:\xampp\htdocs\personnel\vendor\codeigniter4\framework\system\Model.php(330): CodeIgniter\Database\BaseBuilder->insert()
#5 D:\xampp\htdocs\personnel\vendor\codeigniter4\framework\system\BaseModel.php(782): CodeIgniter\Model->doInsert(Array)
#6 D:\xampp\htdocs\personnel\vendor\codeigniter4\framework\system\Model.php(730): CodeIgniter\BaseModel->insert(Array, true)
#7 D:\xampp\htdocs\personnel\app\Controllers\ConUserPaEvaluation.php(165): CodeIgniter\Model->insert(Array)
#8 D:\xampp\htdocs\personnel\vendor\codeigniter4\framework\system\CodeIgniter.php(934): App\Controllers\ConUserPaEvaluation->savePaEvaluation()
#9 D:\xampp\htdocs\personnel\vendor\codeigniter4\framework\system\CodeIgniter.php(499): CodeIgniter\CodeIgniter->runController(Object(App\Controllers\ConUserPaEvaluation))
#10 D:\xampp\htdocs\personnel\vendor\codeigniter4\framework\system\CodeIgniter.php(368): CodeIgniter\CodeIgniter->handleRequest(NULL, Object(Config\Cache), false)
#11 D:\xampp\htdocs\personnel\index.php(67): CodeIgniter\CodeIgniter->run()
#12 {main}
ERROR - 2025-09-18 09:21:43 --> mysqli_sql_exception: Column 'e_id' cannot be null in D:\xampp\htdocs\personnel\vendor\codeigniter4\framework\system\Database\MySQLi\Connection.php:295
Stack trace:
#0 D:\xampp\htdocs\personnel\vendor\codeigniter4\framework\system\Database\MySQLi\Connection.php(295): mysqli->query('INSERT INTO `tb...', 0)
#1 D:\xampp\htdocs\personnel\vendor\codeigniter4\framework\system\Database\BaseConnection.php(692): CodeIgniter\Database\MySQLi\Connection->execute('INSERT INTO `tb...')
#2 D:\xampp\htdocs\personnel\vendor\codeigniter4\framework\system\Database\BaseConnection.php(606): CodeIgniter\Database\BaseConnection->simpleQuery('INSERT INTO `tb...')
#3 D:\xampp\htdocs\personnel\vendor\codeigniter4\framework\system\Database\BaseBuilder.php(2309): CodeIgniter\Database\BaseConnection->query('INSERT INTO `tb...', Array, false)
#4 D:\xampp\htdocs\personnel\vendor\codeigniter4\framework\system\Model.php(330): CodeIgniter\Database\BaseBuilder->insert()
#5 D:\xampp\htdocs\personnel\vendor\codeigniter4\framework\system\BaseModel.php(782): CodeIgniter\Model->doInsert(Array)
#6 D:\xampp\htdocs\personnel\vendor\codeigniter4\framework\system\Model.php(730): CodeIgniter\BaseModel->insert(Array, true)
#7 D:\xampp\htdocs\personnel\app\Controllers\ConUserPaEvaluation.php(179): CodeIgniter\Model->insert(Array)
#8 D:\xampp\htdocs\personnel\vendor\codeigniter4\framework\system\CodeIgniter.php(934): App\Controllers\ConUserPaEvaluation->savePaEvaluation()
#9 D:\xampp\htdocs\personnel\vendor\codeigniter4\framework\system\CodeIgniter.php(499): CodeIgniter\CodeIgniter->runController(Object(App\Controllers\ConUserPaEvaluation))
#10 D:\xampp\htdocs\personnel\vendor\codeigniter4\framework\system\CodeIgniter.php(368): CodeIgniter\CodeIgniter->handleRequest(NULL, Object(Config\Cache), false)
#11 D:\xampp\htdocs\personnel\index.php(67): CodeIgniter\CodeIgniter->run()
#12 {main}
ERROR - 2025-09-18 09:21:43 --> mysqli_sql_exception: Cannot add or update a child row: a foreign key constraint fails (`skjacth_pa_evaluation`.`tb_item_scores`, CONSTRAINT `tb_item_scores_ibfk_1` FOREIGN KEY (`es_id`) REFERENCES `tb_evaluator_scores` (`es_id`)) in D:\xampp\htdocs\personnel\vendor\codeigniter4\framework\system\Database\MySQLi\Connection.php:295
Stack trace:
#0 D:\xampp\htdocs\personnel\vendor\codeigniter4\framework\system\Database\MySQLi\Connection.php(295): mysqli->query('INSERT INTO `tb...', 0)
#1 D:\xampp\htdocs\personnel\vendor\codeigniter4\framework\system\Database\BaseConnection.php(692): CodeIgniter\Database\MySQLi\Connection->execute('INSERT INTO `tb...')
#2 D:\xampp\htdocs\personnel\vendor\codeigniter4\framework\system\Database\BaseConnection.php(606): CodeIgniter\Database\BaseConnection->simpleQuery('INSERT INTO `tb...')
#3 D:\xampp\htdocs\personnel\vendor\codeigniter4\framework\system\Database\BaseBuilder.php(2309): CodeIgniter\Database\BaseConnection->query('INSERT INTO `tb...', Array, false)
#4 D:\xampp\htdocs\personnel\vendor\codeigniter4\framework\system\Model.php(330): CodeIgniter\Database\BaseBuilder->insert()
#5 D:\xampp\htdocs\personnel\vendor\codeigniter4\framework\system\BaseModel.php(782): CodeIgniter\Model->doInsert(Array)
#6 D:\xampp\htdocs\personnel\vendor\codeigniter4\framework\system\Model.php(730): CodeIgniter\BaseModel->insert(Array, true)
#7 D:\xampp\htdocs\personnel\app\Controllers\ConUserPaEvaluation.php(195): CodeIgniter\Model->insert(Array)
#8 D:\xampp\htdocs\personnel\vendor\codeigniter4\framework\system\CodeIgniter.php(934): App\Controllers\ConUserPaEvaluation->savePaEvaluation()
#9 D:\xampp\htdocs\personnel\vendor\codeigniter4\framework\system\CodeIgniter.php(499): CodeIgniter\CodeIgniter->runController(Object(App\Controllers\ConUserPaEvaluation))
#10 D:\xampp\htdocs\personnel\vendor\codeigniter4\framework\system\CodeIgniter.php(368): CodeIgniter\CodeIgniter->handleRequest(NULL, Object(Config\Cache), false)
#11 D:\xampp\htdocs\personnel\index.php(67): CodeIgniter\CodeIgniter->run()
#12 {main}
ERROR - 2025-09-18 09:21:43 --> mysqli_sql_exception: Cannot add or update a child row: a foreign key constraint fails (`skjacth_pa_evaluation`.`tb_item_scores`, CONSTRAINT `tb_item_scores_ibfk_1` FOREIGN KEY (`es_id`) REFERENCES `tb_evaluator_scores` (`es_id`)) in D:\xampp\htdocs\personnel\vendor\codeigniter4\framework\system\Database\MySQLi\Connection.php:295
Stack trace:
#0 D:\xampp\htdocs\personnel\vendor\codeigniter4\framework\system\Database\MySQLi\Connection.php(295): mysqli->query('INSERT INTO `tb...', 0)
#1 D:\xampp\htdocs\personnel\vendor\codeigniter4\framework\system\Database\BaseConnection.php(692): CodeIgniter\Database\MySQLi\Connection->execute('INSERT INTO `tb...')
#2 D:\xampp\htdocs\personnel\vendor\codeigniter4\framework\system\Database\BaseConnection.php(606): CodeIgniter\Database\BaseConnection->simpleQuery('INSERT INTO `tb...')
#3 D:\xampp\htdocs\personnel\vendor\codeigniter4\framework\system\Database\BaseBuilder.php(2309): CodeIgniter\Database\BaseConnection->query('INSERT INTO `tb...', Array, false)
#4 D:\xampp\htdocs\personnel\vendor\codeigniter4\framework\system\Model.php(330): CodeIgniter\Database\BaseBuilder->insert()
#5 D:\xampp\htdocs\personnel\vendor\codeigniter4\framework\system\BaseModel.php(782): CodeIgniter\Model->doInsert(Array)
#6 D:\xampp\htdocs\personnel\vendor\codeigniter4\framework\system\Model.php(730): CodeIgniter\BaseModel->insert(Array, true)
#7 D:\xampp\htdocs\personnel\app\Controllers\ConUserPaEvaluation.php(195): CodeIgniter\Model->insert(Array)
#8 D:\xampp\htdocs\personnel\vendor\codeigniter4\framework\system\CodeIgniter.php(934): App\Controllers\ConUserPaEvaluation->savePaEvaluation()
#9 D:\xampp\htdocs\personnel\vendor\codeigniter4\framework\system\CodeIgniter.php(499): CodeIgniter\CodeIgniter->runController(Object(App\Controllers\ConUserPaEvaluation))
#10 D:\xampp\htdocs\personnel\vendor\codeigniter4\framework\system\CodeIgniter.php(368): CodeIgniter\CodeIgniter->handleRequest(NULL, Object(Config\Cache), false)
#11 D:\xampp\htdocs\personnel\index.php(67): CodeIgniter\CodeIgniter->run()
#12 {main}
ERROR - 2025-09-18 09:21:43 --> mysqli_sql_exception: Cannot add or update a child row: a foreign key constraint fails (`skjacth_pa_evaluation`.`tb_item_scores`, CONSTRAINT `tb_item_scores_ibfk_1` FOREIGN KEY (`es_id`) REFERENCES `tb_evaluator_scores` (`es_id`)) in D:\xampp\htdocs\personnel\vendor\codeigniter4\framework\system\Database\MySQLi\Connection.php:295
Stack trace:
#0 D:\xampp\htdocs\personnel\vendor\codeigniter4\framework\system\Database\MySQLi\Connection.php(295): mysqli->query('INSERT INTO `tb...', 0)
#1 D:\xampp\htdocs\personnel\vendor\codeigniter4\framework\system\Database\BaseConnection.php(692): CodeIgniter\Database\MySQLi\Connection->execute('INSERT INTO `tb...')
#2 D:\xampp\htdocs\personnel\vendor\codeigniter4\framework\system\Database\BaseConnection.php(606): CodeIgniter\Database\BaseConnection->simpleQuery('INSERT INTO `tb...')
#3 D:\xampp\htdocs\personnel\vendor\codeigniter4\framework\system\Database\BaseBuilder.php(2309): CodeIgniter\Database\BaseConnection->query('INSERT INTO `tb...', Array, false)
#4 D:\xampp\htdocs\personnel\vendor\codeigniter4\framework\system\Model.php(330): CodeIgniter\Database\BaseBuilder->insert()
#5 D:\xampp\htdocs\personnel\vendor\codeigniter4\framework\system\BaseModel.php(782): CodeIgniter\Model->doInsert(Array)
#6 D:\xampp\htdocs\personnel\vendor\codeigniter4\framework\system\Model.php(730): CodeIgniter\BaseModel->insert(Array, true)
#7 D:\xampp\htdocs\personnel\app\Controllers\ConUserPaEvaluation.php(195): CodeIgniter\Model->insert(Array)
#8 D:\xampp\htdocs\personnel\vendor\codeigniter4\framework\system\CodeIgniter.php(934): App\Controllers\ConUserPaEvaluation->savePaEvaluation()
#9 D:\xampp\htdocs\personnel\vendor\codeigniter4\framework\system\CodeIgniter.php(499): CodeIgniter\CodeIgniter->runController(Object(App\Controllers\ConUserPaEvaluation))
#10 D:\xampp\htdocs\personnel\vendor\codeigniter4\framework\system\CodeIgniter.php(368): CodeIgniter\CodeIgniter->handleRequest(NULL, Object(Config\Cache), false)
#11 D:\xampp\htdocs\personnel\index.php(67): CodeIgniter\CodeIgniter->run()
#12 {main}
ERROR - 2025-09-18 09:21:43 --> mysqli_sql_exception: Cannot add or update a child row: a foreign key constraint fails (`skjacth_pa_evaluation`.`tb_item_scores`, CONSTRAINT `tb_item_scores_ibfk_1` FOREIGN KEY (`es_id`) REFERENCES `tb_evaluator_scores` (`es_id`)) in D:\xampp\htdocs\personnel\vendor\codeigniter4\framework\system\Database\MySQLi\Connection.php:295
Stack trace:
#0 D:\xampp\htdocs\personnel\vendor\codeigniter4\framework\system\Database\MySQLi\Connection.php(295): mysqli->query('INSERT INTO `tb...', 0)
#1 D:\xampp\htdocs\personnel\vendor\codeigniter4\framework\system\Database\BaseConnection.php(692): CodeIgniter\Database\MySQLi\Connection->execute('INSERT INTO `tb...')
#2 D:\xampp\htdocs\personnel\vendor\codeigniter4\framework\system\Database\BaseConnection.php(606): CodeIgniter\Database\BaseConnection->simpleQuery('INSERT INTO `tb...')
#3 D:\xampp\htdocs\personnel\vendor\codeigniter4\framework\system\Database\BaseBuilder.php(2309): CodeIgniter\Database\BaseConnection->query('INSERT INTO `tb...', Array, false)
#4 D:\xampp\htdocs\personnel\vendor\codeigniter4\framework\system\Model.php(330): CodeIgniter\Database\BaseBuilder->insert()
#5 D:\xampp\htdocs\personnel\vendor\codeigniter4\framework\system\BaseModel.php(782): CodeIgniter\Model->doInsert(Array)
#6 D:\xampp\htdocs\personnel\vendor\codeigniter4\framework\system\Model.php(730): CodeIgniter\BaseModel->insert(Array, true)
#7 D:\xampp\htdocs\personnel\app\Controllers\ConUserPaEvaluation.php(195): CodeIgniter\Model->insert(Array)
#8 D:\xampp\htdocs\personnel\vendor\codeigniter4\framework\system\CodeIgniter.php(934): App\Controllers\ConUserPaEvaluation->savePaEvaluation()
#9 D:\xampp\htdocs\personnel\vendor\codeigniter4\framework\system\CodeIgniter.php(499): CodeIgniter\CodeIgniter->runController(Object(App\Controllers\ConUserPaEvaluation))
#10 D:\xampp\htdocs\personnel\vendor\codeigniter4\framework\system\CodeIgniter.php(368): CodeIgniter\CodeIgniter->handleRequest(NULL, Object(Config\Cache), false)
#11 D:\xampp\htdocs\personnel\index.php(67): CodeIgniter\CodeIgniter->run()
#12 {main}
ERROR - 2025-09-18 09:21:43 --> mysqli_sql_exception: Cannot add or update a child row: a foreign key constraint fails (`skjacth_pa_evaluation`.`tb_item_scores`, CONSTRAINT `tb_item_scores_ibfk_1` FOREIGN KEY (`es_id`) REFERENCES `tb_evaluator_scores` (`es_id`)) in D:\xampp\htdocs\personnel\vendor\codeigniter4\framework\system\Database\MySQLi\Connection.php:295
Stack trace:
#0 D:\xampp\htdocs\personnel\vendor\codeigniter4\framework\system\Database\MySQLi\Connection.php(295): mysqli->query('INSERT INTO `tb...', 0)
#1 D:\xampp\htdocs\personnel\vendor\codeigniter4\framework\system\Database\BaseConnection.php(692): CodeIgniter\Database\MySQLi\Connection->execute('INSERT INTO `tb...')
#2 D:\xampp\htdocs\personnel\vendor\codeigniter4\framework\system\Database\BaseConnection.php(606): CodeIgniter\Database\BaseConnection->simpleQuery('INSERT INTO `tb...')
#3 D:\xampp\htdocs\personnel\vendor\codeigniter4\framework\system\Database\BaseBuilder.php(2309): CodeIgniter\Database\BaseConnection->query('INSERT INTO `tb...', Array, false)
#4 D:\xampp\htdocs\personnel\vendor\codeigniter4\framework\system\Model.php(330): CodeIgniter\Database\BaseBuilder->insert()
#5 D:\xampp\htdocs\personnel\vendor\codeigniter4\framework\system\BaseModel.php(782): CodeIgniter\Model->doInsert(Array)
#6 D:\xampp\htdocs\personnel\vendor\codeigniter4\framework\system\Model.php(730): CodeIgniter\BaseModel->insert(Array, true)
#7 D:\xampp\htdocs\personnel\app\Controllers\ConUserPaEvaluation.php(195): CodeIgniter\Model->insert(Array)
#8 D:\xampp\htdocs\personnel\vendor\codeigniter4\framework\system\CodeIgniter.php(934): App\Controllers\ConUserPaEvaluation->savePaEvaluation()
#9 D:\xampp\htdocs\personnel\vendor\codeigniter4\framework\system\CodeIgniter.php(499): CodeIgniter\CodeIgniter->runController(Object(App\Controllers\ConUserPaEvaluation))
#10 D:\xampp\htdocs\personnel\vendor\codeigniter4\framework\system\CodeIgniter.php(368): CodeIgniter\CodeIgniter->handleRequest(NULL, Object(Config\Cache), false)
#11 D:\xampp\htdocs\personnel\index.php(67): CodeIgniter\CodeIgniter->run()
#12 {main}
ERROR - 2025-09-18 09:21:43 --> mysqli_sql_exception: Cannot add or update a child row: a foreign key constraint fails (`skjacth_pa_evaluation`.`tb_item_scores`, CONSTRAINT `tb_item_scores_ibfk_1` FOREIGN KEY (`es_id`) REFERENCES `tb_evaluator_scores` (`es_id`)) in D:\xampp\htdocs\personnel\vendor\codeigniter4\framework\system\Database\MySQLi\Connection.php:295
Stack trace:
#0 D:\xampp\htdocs\personnel\vendor\codeigniter4\framework\system\Database\MySQLi\Connection.php(295): mysqli->query('INSERT INTO `tb...', 0)
#1 D:\xampp\htdocs\personnel\vendor\codeigniter4\framework\system\Database\BaseConnection.php(692): CodeIgniter\Database\MySQLi\Connection->execute('INSERT INTO `tb...')
#2 D:\xampp\htdocs\personnel\vendor\codeigniter4\framework\system\Database\BaseConnection.php(606): CodeIgniter\Database\BaseConnection->simpleQuery('INSERT INTO `tb...')
#3 D:\xampp\htdocs\personnel\vendor\codeigniter4\framework\system\Database\BaseBuilder.php(2309): CodeIgniter\Database\BaseConnection->query('INSERT INTO `tb...', Array, false)
#4 D:\xampp\htdocs\personnel\vendor\codeigniter4\framework\system\Model.php(330): CodeIgniter\Database\BaseBuilder->insert()
#5 D:\xampp\htdocs\personnel\vendor\codeigniter4\framework\system\BaseModel.php(782): CodeIgniter\Model->doInsert(Array)
#6 D:\xampp\htdocs\personnel\vendor\codeigniter4\framework\system\Model.php(730): CodeIgniter\BaseModel->insert(Array, true)
#7 D:\xampp\htdocs\personnel\app\Controllers\ConUserPaEvaluation.php(195): CodeIgniter\Model->insert(Array)
#8 D:\xampp\htdocs\personnel\vendor\codeigniter4\framework\system\CodeIgniter.php(934): App\Controllers\ConUserPaEvaluation->savePaEvaluation()
#9 D:\xampp\htdocs\personnel\vendor\codeigniter4\framework\system\CodeIgniter.php(499): CodeIgniter\CodeIgniter->runController(Object(App\Controllers\ConUserPaEvaluation))
#10 D:\xampp\htdocs\personnel\vendor\codeigniter4\framework\system\CodeIgniter.php(368): CodeIgniter\CodeIgniter->handleRequest(NULL, Object(Config\Cache), false)
#11 D:\xampp\htdocs\personnel\index.php(67): CodeIgniter\CodeIgniter->run()
#12 {main}
ERROR - 2025-09-18 09:21:43 --> mysqli_sql_exception: Cannot add or update a child row: a foreign key constraint fails (`skjacth_pa_evaluation`.`tb_item_scores`, CONSTRAINT `tb_item_scores_ibfk_1` FOREIGN KEY (`es_id`) REFERENCES `tb_evaluator_scores` (`es_id`)) in D:\xampp\htdocs\personnel\vendor\codeigniter4\framework\system\Database\MySQLi\Connection.php:295
Stack trace:
#0 D:\xampp\htdocs\personnel\vendor\codeigniter4\framework\system\Database\MySQLi\Connection.php(295): mysqli->query('INSERT INTO `tb...', 0)
#1 D:\xampp\htdocs\personnel\vendor\codeigniter4\framework\system\Database\BaseConnection.php(692): CodeIgniter\Database\MySQLi\Connection->execute('INSERT INTO `tb...')
#2 D:\xampp\htdocs\personnel\vendor\codeigniter4\framework\system\Database\BaseConnection.php(606): CodeIgniter\Database\BaseConnection->simpleQuery('INSERT INTO `tb...')
#3 D:\xampp\htdocs\personnel\vendor\codeigniter4\framework\system\Database\BaseBuilder.php(2309): CodeIgniter\Database\BaseConnection->query('INSERT INTO `tb...', Array, false)
#4 D:\xampp\htdocs\personnel\vendor\codeigniter4\framework\system\Model.php(330): CodeIgniter\Database\BaseBuilder->insert()
#5 D:\xampp\htdocs\personnel\vendor\codeigniter4\framework\system\BaseModel.php(782): CodeIgniter\Model->doInsert(Array)
#6 D:\xampp\htdocs\personnel\vendor\codeigniter4\framework\system\Model.php(730): CodeIgniter\BaseModel->insert(Array, true)
#7 D:\xampp\htdocs\personnel\app\Controllers\ConUserPaEvaluation.php(195): CodeIgniter\Model->insert(Array)
#8 D:\xampp\htdocs\personnel\vendor\codeigniter4\framework\system\CodeIgniter.php(934): App\Controllers\ConUserPaEvaluation->savePaEvaluation()
#9 D:\xampp\htdocs\personnel\vendor\codeigniter4\framework\system\CodeIgniter.php(499): CodeIgniter\CodeIgniter->runController(Object(App\Controllers\ConUserPaEvaluation))
#10 D:\xampp\htdocs\personnel\vendor\codeigniter4\framework\system\CodeIgniter.php(368): CodeIgniter\CodeIgniter->handleRequest(NULL, Object(Config\Cache), false)
#11 D:\xampp\htdocs\personnel\index.php(67): CodeIgniter\CodeIgniter->run()
#12 {main}
ERROR - 2025-09-18 09:21:43 --> mysqli_sql_exception: Cannot add or update a child row: a foreign key constraint fails (`skjacth_pa_evaluation`.`tb_item_scores`, CONSTRAINT `tb_item_scores_ibfk_1` FOREIGN KEY (`es_id`) REFERENCES `tb_evaluator_scores` (`es_id`)) in D:\xampp\htdocs\personnel\vendor\codeigniter4\framework\system\Database\MySQLi\Connection.php:295
Stack trace:
#0 D:\xampp\htdocs\personnel\vendor\codeigniter4\framework\system\Database\MySQLi\Connection.php(295): mysqli->query('INSERT INTO `tb...', 0)
#1 D:\xampp\htdocs\personnel\vendor\codeigniter4\framework\system\Database\BaseConnection.php(692): CodeIgniter\Database\MySQLi\Connection->execute('INSERT INTO `tb...')
#2 D:\xampp\htdocs\personnel\vendor\codeigniter4\framework\system\Database\BaseConnection.php(606): CodeIgniter\Database\BaseConnection->simpleQuery('INSERT INTO `tb...')
#3 D:\xampp\htdocs\personnel\vendor\codeigniter4\framework\system\Database\BaseBuilder.php(2309): CodeIgniter\Database\BaseConnection->query('INSERT INTO `tb...', Array, false)
#4 D:\xampp\htdocs\personnel\vendor\codeigniter4\framework\system\Model.php(330): CodeIgniter\Database\BaseBuilder->insert()
#5 D:\xampp\htdocs\personnel\vendor\codeigniter4\framework\system\BaseModel.php(782): CodeIgniter\Model->doInsert(Array)
#6 D:\xampp\htdocs\personnel\vendor\codeigniter4\framework\system\Model.php(730): CodeIgniter\BaseModel->insert(Array, true)
#7 D:\xampp\htdocs\personnel\app\Controllers\ConUserPaEvaluation.php(195): CodeIgniter\Model->insert(Array)
#8 D:\xampp\htdocs\personnel\vendor\codeigniter4\framework\system\CodeIgniter.php(934): App\Controllers\ConUserPaEvaluation->savePaEvaluation()
#9 D:\xampp\htdocs\personnel\vendor\codeigniter4\framework\system\CodeIgniter.php(499): CodeIgniter\CodeIgniter->runController(Object(App\Controllers\ConUserPaEvaluation))
#10 D:\xampp\htdocs\personnel\vendor\codeigniter4\framework\system\CodeIgniter.php(368): CodeIgniter\CodeIgniter->handleRequest(NULL, Object(Config\Cache), false)
#11 D:\xampp\htdocs\personnel\index.php(67): CodeIgniter\CodeIgniter->run()
#12 {main}
ERROR - 2025-09-18 09:21:43 --> mysqli_sql_exception: Cannot add or update a child row: a foreign key constraint fails (`skjacth_pa_evaluation`.`tb_item_scores`, CONSTRAINT `tb_item_scores_ibfk_1` FOREIGN KEY (`es_id`) REFERENCES `tb_evaluator_scores` (`es_id`)) in D:\xampp\htdocs\personnel\vendor\codeigniter4\framework\system\Database\MySQLi\Connection.php:295
Stack trace:
#0 D:\xampp\htdocs\personnel\vendor\codeigniter4\framework\system\Database\MySQLi\Connection.php(295): mysqli->query('INSERT INTO `tb...', 0)
#1 D:\xampp\htdocs\personnel\vendor\codeigniter4\framework\system\Database\BaseConnection.php(692): CodeIgniter\Database\MySQLi\Connection->execute('INSERT INTO `tb...')
#2 D:\xampp\htdocs\personnel\vendor\codeigniter4\framework\system\Database\BaseConnection.php(606): CodeIgniter\Database\BaseConnection->simpleQuery('INSERT INTO `tb...')
#3 D:\xampp\htdocs\personnel\vendor\codeigniter4\framework\system\Database\BaseBuilder.php(2309): CodeIgniter\Database\BaseConnection->query('INSERT INTO `tb...', Array, false)
#4 D:\xampp\htdocs\personnel\vendor\codeigniter4\framework\system\Model.php(330): CodeIgniter\Database\BaseBuilder->insert()
#5 D:\xampp\htdocs\personnel\vendor\codeigniter4\framework\system\BaseModel.php(782): CodeIgniter\Model->doInsert(Array)
#6 D:\xampp\htdocs\personnel\vendor\codeigniter4\framework\system\Model.php(730): CodeIgniter\BaseModel->insert(Array, true)
#7 D:\xampp\htdocs\personnel\app\Controllers\ConUserPaEvaluation.php(195): CodeIgniter\Model->insert(Array)
#8 D:\xampp\htdocs\personnel\vendor\codeigniter4\framework\system\CodeIgniter.php(934): App\Controllers\ConUserPaEvaluation->savePaEvaluation()
#9 D:\xampp\htdocs\personnel\vendor\codeigniter4\framework\system\CodeIgniter.php(499): CodeIgniter\CodeIgniter->runController(Object(App\Controllers\ConUserPaEvaluation))
#10 D:\xampp\htdocs\personnel\vendor\codeigniter4\framework\system\CodeIgniter.php(368): CodeIgniter\CodeIgniter->handleRequest(NULL, Object(Config\Cache), false)
#11 D:\xampp\htdocs\personnel\index.php(67): CodeIgniter\CodeIgniter->run()
#12 {main}
INFO - 2025-09-18 09:22:31 --> Session: Class initialized using 'CodeIgniter\Session\Handlers\FileHandler' driver.
ERROR - 2025-09-18 09:22:31 --> mysqli_sql_exception: Cannot add or update a child row: a foreign key constraint fails (`skjacth_pa_evaluation`.`tb_evaluations`, CONSTRAINT `tb_evaluations_ibfk_1` FOREIGN KEY (`t_id`) REFERENCES `tb_personnel` (`pers_id`)) in D:\xampp\htdocs\personnel\vendor\codeigniter4\framework\system\Database\MySQLi\Connection.php:295
Stack trace:
#0 D:\xampp\htdocs\personnel\vendor\codeigniter4\framework\system\Database\MySQLi\Connection.php(295): mysqli->query('INSERT INTO `tb...', 0)
#1 D:\xampp\htdocs\personnel\vendor\codeigniter4\framework\system\Database\BaseConnection.php(692): CodeIgniter\Database\MySQLi\Connection->execute('INSERT INTO `tb...')
#2 D:\xampp\htdocs\personnel\vendor\codeigniter4\framework\system\Database\BaseConnection.php(606): CodeIgniter\Database\BaseConnection->simpleQuery('INSERT INTO `tb...')
#3 D:\xampp\htdocs\personnel\vendor\codeigniter4\framework\system\Database\BaseBuilder.php(2309): CodeIgniter\Database\BaseConnection->query('INSERT INTO `tb...', Array, false)
#4 D:\xampp\htdocs\personnel\vendor\codeigniter4\framework\system\Model.php(330): CodeIgniter\Database\BaseBuilder->insert()
#5 D:\xampp\htdocs\personnel\vendor\codeigniter4\framework\system\BaseModel.php(782): CodeIgniter\Model->doInsert(Array)
#6 D:\xampp\htdocs\personnel\vendor\codeigniter4\framework\system\Model.php(730): CodeIgniter\BaseModel->insert(Array, true)
#7 D:\xampp\htdocs\personnel\app\Controllers\ConUserPaEvaluation.php(165): CodeIgniter\Model->insert(Array)
#8 D:\xampp\htdocs\personnel\vendor\codeigniter4\framework\system\CodeIgniter.php(934): App\Controllers\ConUserPaEvaluation->savePaEvaluation()
#9 D:\xampp\htdocs\personnel\vendor\codeigniter4\framework\system\CodeIgniter.php(499): CodeIgniter\CodeIgniter->runController(Object(App\Controllers\ConUserPaEvaluation))
#10 D:\xampp\htdocs\personnel\vendor\codeigniter4\framework\system\CodeIgniter.php(368): CodeIgniter\CodeIgniter->handleRequest(NULL, Object(Config\Cache), false)
#11 D:\xampp\htdocs\personnel\index.php(67): CodeIgniter\CodeIgniter->run()
#12 {main}
ERROR - 2025-09-18 09:22:31 --> mysqli_sql_exception: Column 'e_id' cannot be null in D:\xampp\htdocs\personnel\vendor\codeigniter4\framework\system\Database\MySQLi\Connection.php:295
Stack trace:
#0 D:\xampp\htdocs\personnel\vendor\codeigniter4\framework\system\Database\MySQLi\Connection.php(295): mysqli->query('INSERT INTO `tb...', 0)
#1 D:\xampp\htdocs\personnel\vendor\codeigniter4\framework\system\Database\BaseConnection.php(692): CodeIgniter\Database\MySQLi\Connection->execute('INSERT INTO `tb...')
#2 D:\xampp\htdocs\personnel\vendor\codeigniter4\framework\system\Database\BaseConnection.php(606): CodeIgniter\Database\BaseConnection->simpleQuery('INSERT INTO `tb...')
#3 D:\xampp\htdocs\personnel\vendor\codeigniter4\framework\system\Database\BaseBuilder.php(2309): CodeIgniter\Database\BaseConnection->query('INSERT INTO `tb...', Array, false)
#4 D:\xampp\htdocs\personnel\vendor\codeigniter4\framework\system\Model.php(330): CodeIgniter\Database\BaseBuilder->insert()
#5 D:\xampp\htdocs\personnel\vendor\codeigniter4\framework\system\BaseModel.php(782): CodeIgniter\Model->doInsert(Array)
#6 D:\xampp\htdocs\personnel\vendor\codeigniter4\framework\system\Model.php(730): CodeIgniter\BaseModel->insert(Array, true)
#7 D:\xampp\htdocs\personnel\app\Controllers\ConUserPaEvaluation.php(179): CodeIgniter\Model->insert(Array)
#8 D:\xampp\htdocs\personnel\vendor\codeigniter4\framework\system\CodeIgniter.php(934): App\Controllers\ConUserPaEvaluation->savePaEvaluation()
#9 D:\xampp\htdocs\personnel\vendor\codeigniter4\framework\system\CodeIgniter.php(499): CodeIgniter\CodeIgniter->runController(Object(App\Controllers\ConUserPaEvaluation))
#10 D:\xampp\htdocs\personnel\vendor\codeigniter4\framework\system\CodeIgniter.php(368): CodeIgniter\CodeIgniter->handleRequest(NULL, Object(Config\Cache), false)
#11 D:\xampp\htdocs\personnel\index.php(67): CodeIgniter\CodeIgniter->run()
#12 {main}
ERROR - 2025-09-18 09:22:31 --> mysqli_sql_exception: Cannot add or update a child row: a foreign key constraint fails (`skjacth_pa_evaluation`.`tb_item_scores`, CONSTRAINT `tb_item_scores_ibfk_1` FOREIGN KEY (`es_id`) REFERENCES `tb_evaluator_scores` (`es_id`)) in D:\xampp\htdocs\personnel\vendor\codeigniter4\framework\system\Database\MySQLi\Connection.php:295
Stack trace:
#0 D:\xampp\htdocs\personnel\vendor\codeigniter4\framework\system\Database\MySQLi\Connection.php(295): mysqli->query('INSERT INTO `tb...', 0)
#1 D:\xampp\htdocs\personnel\vendor\codeigniter4\framework\system\Database\BaseConnection.php(692): CodeIgniter\Database\MySQLi\Connection->execute('INSERT INTO `tb...')
#2 D:\xampp\htdocs\personnel\vendor\codeigniter4\framework\system\Database\BaseConnection.php(606): CodeIgniter\Database\BaseConnection->simpleQuery('INSERT INTO `tb...')
#3 D:\xampp\htdocs\personnel\vendor\codeigniter4\framework\system\Database\BaseBuilder.php(2309): CodeIgniter\Database\BaseConnection->query('INSERT INTO `tb...', Array, false)
#4 D:\xampp\htdocs\personnel\vendor\codeigniter4\framework\system\Model.php(330): CodeIgniter\Database\BaseBuilder->insert()
#5 D:\xampp\htdocs\personnel\vendor\codeigniter4\framework\system\BaseModel.php(782): CodeIgniter\Model->doInsert(Array)
#6 D:\xampp\htdocs\personnel\vendor\codeigniter4\framework\system\Model.php(730): CodeIgniter\BaseModel->insert(Array, true)
#7 D:\xampp\htdocs\personnel\app\Controllers\ConUserPaEvaluation.php(195): CodeIgniter\Model->insert(Array)
#8 D:\xampp\htdocs\personnel\vendor\codeigniter4\framework\system\CodeIgniter.php(934): App\Controllers\ConUserPaEvaluation->savePaEvaluation()
#9 D:\xampp\htdocs\personnel\vendor\codeigniter4\framework\system\CodeIgniter.php(499): CodeIgniter\CodeIgniter->runController(Object(App\Controllers\ConUserPaEvaluation))
#10 D:\xampp\htdocs\personnel\vendor\codeigniter4\framework\system\CodeIgniter.php(368): CodeIgniter\CodeIgniter->handleRequest(NULL, Object(Config\Cache), false)
#11 D:\xampp\htdocs\personnel\index.php(67): CodeIgniter\CodeIgniter->run()
#12 {main}
ERROR - 2025-09-18 09:22:31 --> mysqli_sql_exception: Cannot add or update a child row: a foreign key constraint fails (`skjacth_pa_evaluation`.`tb_item_scores`, CONSTRAINT `tb_item_scores_ibfk_1` FOREIGN KEY (`es_id`) REFERENCES `tb_evaluator_scores` (`es_id`)) in D:\xampp\htdocs\personnel\vendor\codeigniter4\framework\system\Database\MySQLi\Connection.php:295
Stack trace:
#0 D:\xampp\htdocs\personnel\vendor\codeigniter4\framework\system\Database\MySQLi\Connection.php(295): mysqli->query('INSERT INTO `tb...', 0)
#1 D:\xampp\htdocs\personnel\vendor\codeigniter4\framework\system\Database\BaseConnection.php(692): CodeIgniter\Database\MySQLi\Connection->execute('INSERT INTO `tb...')
#2 D:\xampp\htdocs\personnel\vendor\codeigniter4\framework\system\Database\BaseConnection.php(606): CodeIgniter\Database\BaseConnection->simpleQuery('INSERT INTO `tb...')
#3 D:\xampp\htdocs\personnel\vendor\codeigniter4\framework\system\Database\BaseBuilder.php(2309): CodeIgniter\Database\BaseConnection->query('INSERT INTO `tb...', Array, false)
#4 D:\xampp\htdocs\personnel\vendor\codeigniter4\framework\system\Model.php(330): CodeIgniter\Database\BaseBuilder->insert()
#5 D:\xampp\htdocs\personnel\vendor\codeigniter4\framework\system\BaseModel.php(782): CodeIgniter\Model->doInsert(Array)
#6 D:\xampp\htdocs\personnel\vendor\codeigniter4\framework\system\Model.php(730): CodeIgniter\BaseModel->insert(Array, true)
#7 D:\xampp\htdocs\personnel\app\Controllers\ConUserPaEvaluation.php(195): CodeIgniter\Model->insert(Array)
#8 D:\xampp\htdocs\personnel\vendor\codeigniter4\framework\system\CodeIgniter.php(934): App\Controllers\ConUserPaEvaluation->savePaEvaluation()
#9 D:\xampp\htdocs\personnel\vendor\codeigniter4\framework\system\CodeIgniter.php(499): CodeIgniter\CodeIgniter->runController(Object(App\Controllers\ConUserPaEvaluation))
#10 D:\xampp\htdocs\personnel\vendor\codeigniter4\framework\system\CodeIgniter.php(368): CodeIgniter\CodeIgniter->handleRequest(NULL, Object(Config\Cache), false)
#11 D:\xampp\htdocs\personnel\index.php(67): CodeIgniter\CodeIgniter->run()
#12 {main}
ERROR - 2025-09-18 09:22:31 --> mysqli_sql_exception: Cannot add or update a child row: a foreign key constraint fails (`skjacth_pa_evaluation`.`tb_item_scores`, CONSTRAINT `tb_item_scores_ibfk_1` FOREIGN KEY (`es_id`) REFERENCES `tb_evaluator_scores` (`es_id`)) in D:\xampp\htdocs\personnel\vendor\codeigniter4\framework\system\Database\MySQLi\Connection.php:295
Stack trace:
#0 D:\xampp\htdocs\personnel\vendor\codeigniter4\framework\system\Database\MySQLi\Connection.php(295): mysqli->query('INSERT INTO `tb...', 0)
#1 D:\xampp\htdocs\personnel\vendor\codeigniter4\framework\system\Database\BaseConnection.php(692): CodeIgniter\Database\MySQLi\Connection->execute('INSERT INTO `tb...')
#2 D:\xampp\htdocs\personnel\vendor\codeigniter4\framework\system\Database\BaseConnection.php(606): CodeIgniter\Database\BaseConnection->simpleQuery('INSERT INTO `tb...')
#3 D:\xampp\htdocs\personnel\vendor\codeigniter4\framework\system\Database\BaseBuilder.php(2309): CodeIgniter\Database\BaseConnection->query('INSERT INTO `tb...', Array, false)
#4 D:\xampp\htdocs\personnel\vendor\codeigniter4\framework\system\Model.php(330): CodeIgniter\Database\BaseBuilder->insert()
#5 D:\xampp\htdocs\personnel\vendor\codeigniter4\framework\system\BaseModel.php(782): CodeIgniter\Model->doInsert(Array)
#6 D:\xampp\htdocs\personnel\vendor\codeigniter4\framework\system\Model.php(730): CodeIgniter\BaseModel->insert(Array, true)
#7 D:\xampp\htdocs\personnel\app\Controllers\ConUserPaEvaluation.php(195): CodeIgniter\Model->insert(Array)
#8 D:\xampp\htdocs\personnel\vendor\codeigniter4\framework\system\CodeIgniter.php(934): App\Controllers\ConUserPaEvaluation->savePaEvaluation()
#9 D:\xampp\htdocs\personnel\vendor\codeigniter4\framework\system\CodeIgniter.php(499): CodeIgniter\CodeIgniter->runController(Object(App\Controllers\ConUserPaEvaluation))
#10 D:\xampp\htdocs\personnel\vendor\codeigniter4\framework\system\CodeIgniter.php(368): CodeIgniter\CodeIgniter->handleRequest(NULL, Object(Config\Cache), false)
#11 D:\xampp\htdocs\personnel\index.php(67): CodeIgniter\CodeIgniter->run()
#12 {main}
ERROR - 2025-09-18 09:22:31 --> mysqli_sql_exception: Cannot add or update a child row: a foreign key constraint fails (`skjacth_pa_evaluation`.`tb_item_scores`, CONSTRAINT `tb_item_scores_ibfk_1` FOREIGN KEY (`es_id`) REFERENCES `tb_evaluator_scores` (`es_id`)) in D:\xampp\htdocs\personnel\vendor\codeigniter4\framework\system\Database\MySQLi\Connection.php:295
Stack trace:
#0 D:\xampp\htdocs\personnel\vendor\codeigniter4\framework\system\Database\MySQLi\Connection.php(295): mysqli->query('INSERT INTO `tb...', 0)
#1 D:\xampp\htdocs\personnel\vendor\codeigniter4\framework\system\Database\BaseConnection.php(692): CodeIgniter\Database\MySQLi\Connection->execute('INSERT INTO `tb...')
#2 D:\xampp\htdocs\personnel\vendor\codeigniter4\framework\system\Database\BaseConnection.php(606): CodeIgniter\Database\BaseConnection->simpleQuery('INSERT INTO `tb...')
#3 D:\xampp\htdocs\personnel\vendor\codeigniter4\framework\system\Database\BaseBuilder.php(2309): CodeIgniter\Database\BaseConnection->query('INSERT INTO `tb...', Array, false)
#4 D:\xampp\htdocs\personnel\vendor\codeigniter4\framework\system\Model.php(330): CodeIgniter\Database\BaseBuilder->insert()
#5 D:\xampp\htdocs\personnel\vendor\codeigniter4\framework\system\BaseModel.php(782): CodeIgniter\Model->doInsert(Array)
#6 D:\xampp\htdocs\personnel\vendor\codeigniter4\framework\system\Model.php(730): CodeIgniter\BaseModel->insert(Array, true)
#7 D:\xampp\htdocs\personnel\app\Controllers\ConUserPaEvaluation.php(195): CodeIgniter\Model->insert(Array)
#8 D:\xampp\htdocs\personnel\vendor\codeigniter4\framework\system\CodeIgniter.php(934): App\Controllers\ConUserPaEvaluation->savePaEvaluation()
#9 D:\xampp\htdocs\personnel\vendor\codeigniter4\framework\system\CodeIgniter.php(499): CodeIgniter\CodeIgniter->runController(Object(App\Controllers\ConUserPaEvaluation))
#10 D:\xampp\htdocs\personnel\vendor\codeigniter4\framework\system\CodeIgniter.php(368): CodeIgniter\CodeIgniter->handleRequest(NULL, Object(Config\Cache), false)
#11 D:\xampp\htdocs\personnel\index.php(67): CodeIgniter\CodeIgniter->run()
#12 {main}
ERROR - 2025-09-18 09:22:31 --> mysqli_sql_exception: Cannot add or update a child row: a foreign key constraint fails (`skjacth_pa_evaluation`.`tb_item_scores`, CONSTRAINT `tb_item_scores_ibfk_1` FOREIGN KEY (`es_id`) REFERENCES `tb_evaluator_scores` (`es_id`)) in D:\xampp\htdocs\personnel\vendor\codeigniter4\framework\system\Database\MySQLi\Connection.php:295
Stack trace:
#0 D:\xampp\htdocs\personnel\vendor\codeigniter4\framework\system\Database\MySQLi\Connection.php(295): mysqli->query('INSERT INTO `tb...', 0)
#1 D:\xampp\htdocs\personnel\vendor\codeigniter4\framework\system\Database\BaseConnection.php(692): CodeIgniter\Database\MySQLi\Connection->execute('INSERT INTO `tb...')
#2 D:\xampp\htdocs\personnel\vendor\codeigniter4\framework\system\Database\BaseConnection.php(606): CodeIgniter\Database\BaseConnection->simpleQuery('INSERT INTO `tb...')
#3 D:\xampp\htdocs\personnel\vendor\codeigniter4\framework\system\Database\BaseBuilder.php(2309): CodeIgniter\Database\BaseConnection->query('INSERT INTO `tb...', Array, false)
#4 D:\xampp\htdocs\personnel\vendor\codeigniter4\framework\system\Model.php(330): CodeIgniter\Database\BaseBuilder->insert()
#5 D:\xampp\htdocs\personnel\vendor\codeigniter4\framework\system\BaseModel.php(782): CodeIgniter\Model->doInsert(Array)
#6 D:\xampp\htdocs\personnel\vendor\codeigniter4\framework\system\Model.php(730): CodeIgniter\BaseModel->insert(Array, true)
#7 D:\xampp\htdocs\personnel\app\Controllers\ConUserPaEvaluation.php(195): CodeIgniter\Model->insert(Array)
#8 D:\xampp\htdocs\personnel\vendor\codeigniter4\framework\system\CodeIgniter.php(934): App\Controllers\ConUserPaEvaluation->savePaEvaluation()
#9 D:\xampp\htdocs\personnel\vendor\codeigniter4\framework\system\CodeIgniter.php(499): CodeIgniter\CodeIgniter->runController(Object(App\Controllers\ConUserPaEvaluation))
#10 D:\xampp\htdocs\personnel\vendor\codeigniter4\framework\system\CodeIgniter.php(368): CodeIgniter\CodeIgniter->handleRequest(NULL, Object(Config\Cache), false)
#11 D:\xampp\htdocs\personnel\index.php(67): CodeIgniter\CodeIgniter->run()
#12 {main}
ERROR - 2025-09-18 09:22:31 --> mysqli_sql_exception: Cannot add or update a child row: a foreign key constraint fails (`skjacth_pa_evaluation`.`tb_item_scores`, CONSTRAINT `tb_item_scores_ibfk_1` FOREIGN KEY (`es_id`) REFERENCES `tb_evaluator_scores` (`es_id`)) in D:\xampp\htdocs\personnel\vendor\codeigniter4\framework\system\Database\MySQLi\Connection.php:295
Stack trace:
#0 D:\xampp\htdocs\personnel\vendor\codeigniter4\framework\system\Database\MySQLi\Connection.php(295): mysqli->query('INSERT INTO `tb...', 0)
#1 D:\xampp\htdocs\personnel\vendor\codeigniter4\framework\system\Database\BaseConnection.php(692): CodeIgniter\Database\MySQLi\Connection->execute('INSERT INTO `tb...')
#2 D:\xampp\htdocs\personnel\vendor\codeigniter4\framework\system\Database\BaseConnection.php(606): CodeIgniter\Database\BaseConnection->simpleQuery('INSERT INTO `tb...')
#3 D:\xampp\htdocs\personnel\vendor\codeigniter4\framework\system\Database\BaseBuilder.php(2309): CodeIgniter\Database\BaseConnection->query('INSERT INTO `tb...', Array, false)
#4 D:\xampp\htdocs\personnel\vendor\codeigniter4\framework\system\Model.php(330): CodeIgniter\Database\BaseBuilder->insert()
#5 D:\xampp\htdocs\personnel\vendor\codeigniter4\framework\system\BaseModel.php(782): CodeIgniter\Model->doInsert(Array)
#6 D:\xampp\htdocs\personnel\vendor\codeigniter4\framework\system\Model.php(730): CodeIgniter\BaseModel->insert(Array, true)
#7 D:\xampp\htdocs\personnel\app\Controllers\ConUserPaEvaluation.php(195): CodeIgniter\Model->insert(Array)
#8 D:\xampp\htdocs\personnel\vendor\codeigniter4\framework\system\CodeIgniter.php(934): App\Controllers\ConUserPaEvaluation->savePaEvaluation()
#9 D:\xampp\htdocs\personnel\vendor\codeigniter4\framework\system\CodeIgniter.php(499): CodeIgniter\CodeIgniter->runController(Object(App\Controllers\ConUserPaEvaluation))
#10 D:\xampp\htdocs\personnel\vendor\codeigniter4\framework\system\CodeIgniter.php(368): CodeIgniter\CodeIgniter->handleRequest(NULL, Object(Config\Cache), false)
#11 D:\xampp\htdocs\personnel\index.php(67): CodeIgniter\CodeIgniter->run()
#12 {main}
ERROR - 2025-09-18 09:22:31 --> mysqli_sql_exception: Cannot add or update a child row: a foreign key constraint fails (`skjacth_pa_evaluation`.`tb_item_scores`, CONSTRAINT `tb_item_scores_ibfk_1` FOREIGN KEY (`es_id`) REFERENCES `tb_evaluator_scores` (`es_id`)) in D:\xampp\htdocs\personnel\vendor\codeigniter4\framework\system\Database\MySQLi\Connection.php:295
Stack trace:
#0 D:\xampp\htdocs\personnel\vendor\codeigniter4\framework\system\Database\MySQLi\Connection.php(295): mysqli->query('INSERT INTO `tb...', 0)
#1 D:\xampp\htdocs\personnel\vendor\codeigniter4\framework\system\Database\BaseConnection.php(692): CodeIgniter\Database\MySQLi\Connection->execute('INSERT INTO `tb...')
#2 D:\xampp\htdocs\personnel\vendor\codeigniter4\framework\system\Database\BaseConnection.php(606): CodeIgniter\Database\BaseConnection->simpleQuery('INSERT INTO `tb...')
#3 D:\xampp\htdocs\personnel\vendor\codeigniter4\framework\system\Database\BaseBuilder.php(2309): CodeIgniter\Database\BaseConnection->query('INSERT INTO `tb...', Array, false)
#4 D:\xampp\htdocs\personnel\vendor\codeigniter4\framework\system\Model.php(330): CodeIgniter\Database\BaseBuilder->insert()
#5 D:\xampp\htdocs\personnel\vendor\codeigniter4\framework\system\BaseModel.php(782): CodeIgniter\Model->doInsert(Array)
#6 D:\xampp\htdocs\personnel\vendor\codeigniter4\framework\system\Model.php(730): CodeIgniter\BaseModel->insert(Array, true)
#7 D:\xampp\htdocs\personnel\app\Controllers\ConUserPaEvaluation.php(195): CodeIgniter\Model->insert(Array)
#8 D:\xampp\htdocs\personnel\vendor\codeigniter4\framework\system\CodeIgniter.php(934): App\Controllers\ConUserPaEvaluation->savePaEvaluation()
#9 D:\xampp\htdocs\personnel\vendor\codeigniter4\framework\system\CodeIgniter.php(499): CodeIgniter\CodeIgniter->runController(Object(App\Controllers\ConUserPaEvaluation))
#10 D:\xampp\htdocs\personnel\vendor\codeigniter4\framework\system\CodeIgniter.php(368): CodeIgniter\CodeIgniter->handleRequest(NULL, Object(Config\Cache), false)
#11 D:\xampp\htdocs\personnel\index.php(67): CodeIgniter\CodeIgniter->run()
#12 {main}
ERROR - 2025-09-18 09:22:31 --> mysqli_sql_exception: Cannot add or update a child row: a foreign key constraint fails (`skjacth_pa_evaluation`.`tb_item_scores`, CONSTRAINT `tb_item_scores_ibfk_1` FOREIGN KEY (`es_id`) REFERENCES `tb_evaluator_scores` (`es_id`)) in D:\xampp\htdocs\personnel\vendor\codeigniter4\framework\system\Database\MySQLi\Connection.php:295
Stack trace:
#0 D:\xampp\htdocs\personnel\vendor\codeigniter4\framework\system\Database\MySQLi\Connection.php(295): mysqli->query('INSERT INTO `tb...', 0)
#1 D:\xampp\htdocs\personnel\vendor\codeigniter4\framework\system\Database\BaseConnection.php(692): CodeIgniter\Database\MySQLi\Connection->execute('INSERT INTO `tb...')
#2 D:\xampp\htdocs\personnel\vendor\codeigniter4\framework\system\Database\BaseConnection.php(606): CodeIgniter\Database\BaseConnection->simpleQuery('INSERT INTO `tb...')
#3 D:\xampp\htdocs\personnel\vendor\codeigniter4\framework\system\Database\BaseBuilder.php(2309): CodeIgniter\Database\BaseConnection->query('INSERT INTO `tb...', Array, false)
#4 D:\xampp\htdocs\personnel\vendor\codeigniter4\framework\system\Model.php(330): CodeIgniter\Database\BaseBuilder->insert()
#5 D:\xampp\htdocs\personnel\vendor\codeigniter4\framework\system\BaseModel.php(782): CodeIgniter\Model->doInsert(Array)
#6 D:\xampp\htdocs\personnel\vendor\codeigniter4\framework\system\Model.php(730): CodeIgniter\BaseModel->insert(Array, true)
#7 D:\xampp\htdocs\personnel\app\Controllers\ConUserPaEvaluation.php(195): CodeIgniter\Model->insert(Array)
#8 D:\xampp\htdocs\personnel\vendor\codeigniter4\framework\system\CodeIgniter.php(934): App\Controllers\ConUserPaEvaluation->savePaEvaluation()
#9 D:\xampp\htdocs\personnel\vendor\codeigniter4\framework\system\CodeIgniter.php(499): CodeIgniter\CodeIgniter->runController(Object(App\Controllers\ConUserPaEvaluation))
#10 D:\xampp\htdocs\personnel\vendor\codeigniter4\framework\system\CodeIgniter.php(368): CodeIgniter\CodeIgniter->handleRequest(NULL, Object(Config\Cache), false)
#11 D:\xampp\htdocs\personnel\index.php(67): CodeIgniter\CodeIgniter->run()
#12 {main}
ERROR - 2025-09-18 09:22:31 --> mysqli_sql_exception: Cannot add or update a child row: a foreign key constraint fails (`skjacth_pa_evaluation`.`tb_item_scores`, CONSTRAINT `tb_item_scores_ibfk_1` FOREIGN KEY (`es_id`) REFERENCES `tb_evaluator_scores` (`es_id`)) in D:\xampp\htdocs\personnel\vendor\codeigniter4\framework\system\Database\MySQLi\Connection.php:295
Stack trace:
#0 D:\xampp\htdocs\personnel\vendor\codeigniter4\framework\system\Database\MySQLi\Connection.php(295): mysqli->query('INSERT INTO `tb...', 0)
#1 D:\xampp\htdocs\personnel\vendor\codeigniter4\framework\system\Database\BaseConnection.php(692): CodeIgniter\Database\MySQLi\Connection->execute('INSERT INTO `tb...')
#2 D:\xampp\htdocs\personnel\vendor\codeigniter4\framework\system\Database\BaseConnection.php(606): CodeIgniter\Database\BaseConnection->simpleQuery('INSERT INTO `tb...')
#3 D:\xampp\htdocs\personnel\vendor\codeigniter4\framework\system\Database\BaseBuilder.php(2309): CodeIgniter\Database\BaseConnection->query('INSERT INTO `tb...', Array, false)
#4 D:\xampp\htdocs\personnel\vendor\codeigniter4\framework\system\Model.php(330): CodeIgniter\Database\BaseBuilder->insert()
#5 D:\xampp\htdocs\personnel\vendor\codeigniter4\framework\system\BaseModel.php(782): CodeIgniter\Model->doInsert(Array)
#6 D:\xampp\htdocs\personnel\vendor\codeigniter4\framework\system\Model.php(730): CodeIgniter\BaseModel->insert(Array, true)
#7 D:\xampp\htdocs\personnel\app\Controllers\ConUserPaEvaluation.php(195): CodeIgniter\Model->insert(Array)
#8 D:\xampp\htdocs\personnel\vendor\codeigniter4\framework\system\CodeIgniter.php(934): App\Controllers\ConUserPaEvaluation->savePaEvaluation()
#9 D:\xampp\htdocs\personnel\vendor\codeigniter4\framework\system\CodeIgniter.php(499): CodeIgniter\CodeIgniter->runController(Object(App\Controllers\ConUserPaEvaluation))
#10 D:\xampp\htdocs\personnel\vendor\codeigniter4\framework\system\CodeIgniter.php(368): CodeIgniter\CodeIgniter->handleRequest(NULL, Object(Config\Cache), false)
#11 D:\xampp\htdocs\personnel\index.php(67): CodeIgniter\CodeIgniter->run()
#12 {main}
INFO - 2025-09-18 09:22:41 --> Session: Class initialized using 'CodeIgniter\Session\Handlers\FileHandler' driver.
INFO - 2025-09-18 09:22:45 --> Session: Class initialized using 'CodeIgniter\Session\Handlers\FileHandler' driver.
ERROR - 2025-09-18 09:22:45 --> mysqli_sql_exception: Cannot add or update a child row: a foreign key constraint fails (`skjacth_pa_evaluation`.`tb_evaluations`, CONSTRAINT `tb_evaluations_ibfk_1` FOREIGN KEY (`t_id`) REFERENCES `tb_personnel` (`pers_id`)) in D:\xampp\htdocs\personnel\vendor\codeigniter4\framework\system\Database\MySQLi\Connection.php:295
Stack trace:
#0 D:\xampp\htdocs\personnel\vendor\codeigniter4\framework\system\Database\MySQLi\Connection.php(295): mysqli->query('INSERT INTO `tb...', 0)
#1 D:\xampp\htdocs\personnel\vendor\codeigniter4\framework\system\Database\BaseConnection.php(692): CodeIgniter\Database\MySQLi\Connection->execute('INSERT INTO `tb...')
#2 D:\xampp\htdocs\personnel\vendor\codeigniter4\framework\system\Database\BaseConnection.php(606): CodeIgniter\Database\BaseConnection->simpleQuery('INSERT INTO `tb...')
#3 D:\xampp\htdocs\personnel\vendor\codeigniter4\framework\system\Database\BaseBuilder.php(2309): CodeIgniter\Database\BaseConnection->query('INSERT INTO `tb...', Array, false)
#4 D:\xampp\htdocs\personnel\vendor\codeigniter4\framework\system\Model.php(330): CodeIgniter\Database\BaseBuilder->insert()
#5 D:\xampp\htdocs\personnel\vendor\codeigniter4\framework\system\BaseModel.php(782): CodeIgniter\Model->doInsert(Array)
#6 D:\xampp\htdocs\personnel\vendor\codeigniter4\framework\system\Model.php(730): CodeIgniter\BaseModel->insert(Array, true)
#7 D:\xampp\htdocs\personnel\app\Controllers\ConUserPaEvaluation.php(165): CodeIgniter\Model->insert(Array)
#8 D:\xampp\htdocs\personnel\vendor\codeigniter4\framework\system\CodeIgniter.php(934): App\Controllers\ConUserPaEvaluation->savePaEvaluation()
#9 D:\xampp\htdocs\personnel\vendor\codeigniter4\framework\system\CodeIgniter.php(499): CodeIgniter\CodeIgniter->runController(Object(App\Controllers\ConUserPaEvaluation))
#10 D:\xampp\htdocs\personnel\vendor\codeigniter4\framework\system\CodeIgniter.php(368): CodeIgniter\CodeIgniter->handleRequest(NULL, Object(Config\Cache), false)
#11 D:\xampp\htdocs\personnel\index.php(67): CodeIgniter\CodeIgniter->run()
#12 {main}
ERROR - 2025-09-18 09:22:45 --> mysqli_sql_exception: Column 'e_id' cannot be null in D:\xampp\htdocs\personnel\vendor\codeigniter4\framework\system\Database\MySQLi\Connection.php:295
Stack trace:
#0 D:\xampp\htdocs\personnel\vendor\codeigniter4\framework\system\Database\MySQLi\Connection.php(295): mysqli->query('INSERT INTO `tb...', 0)
#1 D:\xampp\htdocs\personnel\vendor\codeigniter4\framework\system\Database\BaseConnection.php(692): CodeIgniter\Database\MySQLi\Connection->execute('INSERT INTO `tb...')
#2 D:\xampp\htdocs\personnel\vendor\codeigniter4\framework\system\Database\BaseConnection.php(606): CodeIgniter\Database\BaseConnection->simpleQuery('INSERT INTO `tb...')
#3 D:\xampp\htdocs\personnel\vendor\codeigniter4\framework\system\Database\BaseBuilder.php(2309): CodeIgniter\Database\BaseConnection->query('INSERT INTO `tb...', Array, false)
#4 D:\xampp\htdocs\personnel\vendor\codeigniter4\framework\system\Model.php(330): CodeIgniter\Database\BaseBuilder->insert()
#5 D:\xampp\htdocs\personnel\vendor\codeigniter4\framework\system\BaseModel.php(782): CodeIgniter\Model->doInsert(Array)
#6 D:\xampp\htdocs\personnel\vendor\codeigniter4\framework\system\Model.php(730): CodeIgniter\BaseModel->insert(Array, true)
#7 D:\xampp\htdocs\personnel\app\Controllers\ConUserPaEvaluation.php(179): CodeIgniter\Model->insert(Array)
#8 D:\xampp\htdocs\personnel\vendor\codeigniter4\framework\system\CodeIgniter.php(934): App\Controllers\ConUserPaEvaluation->savePaEvaluation()
#9 D:\xampp\htdocs\personnel\vendor\codeigniter4\framework\system\CodeIgniter.php(499): CodeIgniter\CodeIgniter->runController(Object(App\Controllers\ConUserPaEvaluation))
#10 D:\xampp\htdocs\personnel\vendor\codeigniter4\framework\system\CodeIgniter.php(368): CodeIgniter\CodeIgniter->handleRequest(NULL, Object(Config\Cache), false)
#11 D:\xampp\htdocs\personnel\index.php(67): CodeIgniter\CodeIgniter->run()
#12 {main}
INFO - 2025-09-18 09:25:33 --> Session: Class initialized using 'CodeIgniter\Session\Handlers\FileHandler' driver.
CRITICAL - 2025-09-18 09:27:57 --> syntax error, unexpected token "public"
in APPPATH\Controllers\ConUserPaEvaluation.php on line 128.
 1 SYSTEMPATH\Autoloader\Autoloader.php(289): CodeIgniter\Autoloader\Autoloader->includeFile('D:\\xampp\\htdocs\\personnel\\app\\Controllers\\ConUserPaEvaluation.php')
 2 SYSTEMPATH\Autoloader\Autoloader.php(267): CodeIgniter\Autoloader\Autoloader->loadInNamespace('App\\Controllers\\ConUserPaEvaluation')
 3 [internal function]: CodeIgniter\Autoloader\Autoloader->loadClass('App\\Controllers\\ConUserPaEvaluation')
 4 SYSTEMPATH\CodeIgniter.php(892): class_exists('\\App\\Controllers\\ConUserPaEvaluation', true)
 5 SYSTEMPATH\CodeIgniter.php(486): CodeIgniter\CodeIgniter->startController()
 6 SYSTEMPATH\CodeIgniter.php(368): CodeIgniter\CodeIgniter->handleRequest(null, Object(Config\Cache), false)
 7 FCPATH\index.php(67): CodeIgniter\CodeIgniter->run()
INFO - 2025-09-18 09:28:48 --> Session: Class initialized using 'CodeIgniter\Session\Handlers\FileHandler' driver.
DEBUG - 2025-09-18 09:28:48 --> Evaluator ID from session: e68ca971133bec
DEBUG - 2025-09-18 09:28:48 --> Evaluator data fetched: null
INFO - 2025-09-18 09:29:11 --> Session: Class initialized using 'CodeIgniter\Session\Handlers\FileHandler' driver.
INFO - 2025-09-18 09:30:55 --> Session: Class initialized using 'CodeIgniter\Session\Handlers\FileHandler' driver.
DEBUG - 2025-09-18 09:30:55 --> Evaluator ID from session: e68ca971133bec
DEBUG - 2025-09-18 09:30:55 --> Evaluator data fetched: {"e_id":"e68ca971133bec","e_first_name":"\u0e19\u0e32\u0e22\u0e1b\u0e34\u0e22\u0e30  ","e_last_name":"\u0e2d\u0e48\u0e33\u0e2a\u0e38\u0e1e\u0e23\u0e23\u0e13","e_position":"\u0e04\u0e23\u0e39","e_academic_standing":"\u0e04\u0e23\u0e39\u0e0a\u0e33\u0e19\u0e32\u0e0d\u0e01\u0e32\u0e23\u0e1e\u0e34\u0e40\u0e28\u0e29","e_organization":"\u0e42\u0e23\u0e07\u0e40\u0e23\u0e35\u0e22\u0e19\u0e2a\u0e15\u0e23\u0e35\u0e19\u0e04\u0e23\u0e2a\u0e27\u0e23\u0e23\u0e04\u0e4c","e_Username":"skj02","e_Password":"$2y$10$NOA8eaVIkbusZENy7SbrveRVrGDc0RoskEhI5FErcOVJwuzPPesLC"}
INFO - 2025-09-18 09:31:13 --> Session: Class initialized using 'CodeIgniter\Session\Handlers\FileHandler' driver.
ERROR - 2025-09-18 09:31:13 --> mysqli_sql_exception: Cannot add or update a child row: a foreign key constraint fails (`skjacth_pa_evaluation`.`tb_evaluations`, CONSTRAINT `tb_evaluations_ibfk_1` FOREIGN KEY (`t_id`) REFERENCES `tb_personnel` (`pers_id`)) in D:\xampp\htdocs\personnel\vendor\codeigniter4\framework\system\Database\MySQLi\Connection.php:295
Stack trace:
#0 D:\xampp\htdocs\personnel\vendor\codeigniter4\framework\system\Database\MySQLi\Connection.php(295): mysqli->query('INSERT INTO `tb...', 0)
#1 D:\xampp\htdocs\personnel\vendor\codeigniter4\framework\system\Database\BaseConnection.php(692): CodeIgniter\Database\MySQLi\Connection->execute('INSERT INTO `tb...')
#2 D:\xampp\htdocs\personnel\vendor\codeigniter4\framework\system\Database\BaseConnection.php(606): CodeIgniter\Database\BaseConnection->simpleQuery('INSERT INTO `tb...')
#3 D:\xampp\htdocs\personnel\vendor\codeigniter4\framework\system\Database\BaseBuilder.php(2309): CodeIgniter\Database\BaseConnection->query('INSERT INTO `tb...', Array, false)
#4 D:\xampp\htdocs\personnel\vendor\codeigniter4\framework\system\Model.php(330): CodeIgniter\Database\BaseBuilder->insert()
#5 D:\xampp\htdocs\personnel\vendor\codeigniter4\framework\system\BaseModel.php(782): CodeIgniter\Model->doInsert(Array)
#6 D:\xampp\htdocs\personnel\vendor\codeigniter4\framework\system\Model.php(730): CodeIgniter\BaseModel->insert(Array, true)
#7 D:\xampp\htdocs\personnel\app\Controllers\ConUserPaEvaluation.php(179): CodeIgniter\Model->insert(Array)
#8 D:\xampp\htdocs\personnel\vendor\codeigniter4\framework\system\CodeIgniter.php(934): App\Controllers\ConUserPaEvaluation->savePaEvaluation()
#9 D:\xampp\htdocs\personnel\vendor\codeigniter4\framework\system\CodeIgniter.php(499): CodeIgniter\CodeIgniter->runController(Object(App\Controllers\ConUserPaEvaluation))
#10 D:\xampp\htdocs\personnel\vendor\codeigniter4\framework\system\CodeIgniter.php(368): CodeIgniter\CodeIgniter->handleRequest(NULL, Object(Config\Cache), false)
#11 D:\xampp\htdocs\personnel\index.php(67): CodeIgniter\CodeIgniter->run()
#12 {main}
ERROR - 2025-09-18 09:31:13 --> mysqli_sql_exception: Cannot add or update a child row: a foreign key constraint fails (`skjacth_pa_evaluation`.`tb_evaluator_scores`, CONSTRAINT `tb_evaluator_scores_ibfk_1` FOREIGN KEY (`ev_id`) REFERENCES `tb_evaluations` (`ev_id`)) in D:\xampp\htdocs\personnel\vendor\codeigniter4\framework\system\Database\MySQLi\Connection.php:295
Stack trace:
#0 D:\xampp\htdocs\personnel\vendor\codeigniter4\framework\system\Database\MySQLi\Connection.php(295): mysqli->query('INSERT INTO `tb...', 0)
#1 D:\xampp\htdocs\personnel\vendor\codeigniter4\framework\system\Database\BaseConnection.php(692): CodeIgniter\Database\MySQLi\Connection->execute('INSERT INTO `tb...')
#2 D:\xampp\htdocs\personnel\vendor\codeigniter4\framework\system\Database\BaseConnection.php(606): CodeIgniter\Database\BaseConnection->simpleQuery('INSERT INTO `tb...')
#3 D:\xampp\htdocs\personnel\vendor\codeigniter4\framework\system\Database\BaseBuilder.php(2309): CodeIgniter\Database\BaseConnection->query('INSERT INTO `tb...', Array, false)
#4 D:\xampp\htdocs\personnel\vendor\codeigniter4\framework\system\Model.php(330): CodeIgniter\Database\BaseBuilder->insert()
#5 D:\xampp\htdocs\personnel\vendor\codeigniter4\framework\system\BaseModel.php(782): CodeIgniter\Model->doInsert(Array)
#6 D:\xampp\htdocs\personnel\vendor\codeigniter4\framework\system\Model.php(730): CodeIgniter\BaseModel->insert(Array, true)
#7 D:\xampp\htdocs\personnel\app\Controllers\ConUserPaEvaluation.php(193): CodeIgniter\Model->insert(Array)
#8 D:\xampp\htdocs\personnel\vendor\codeigniter4\framework\system\CodeIgniter.php(934): App\Controllers\ConUserPaEvaluation->savePaEvaluation()
#9 D:\xampp\htdocs\personnel\vendor\codeigniter4\framework\system\CodeIgniter.php(499): CodeIgniter\CodeIgniter->runController(Object(App\Controllers\ConUserPaEvaluation))
#10 D:\xampp\htdocs\personnel\vendor\codeigniter4\framework\system\CodeIgniter.php(368): CodeIgniter\CodeIgniter->handleRequest(NULL, Object(Config\Cache), false)
#11 D:\xampp\htdocs\personnel\index.php(67): CodeIgniter\CodeIgniter->run()
#12 {main}
ERROR - 2025-09-18 09:31:13 --> mysqli_sql_exception: Cannot add or update a child row: a foreign key constraint fails (`skjacth_pa_evaluation`.`tb_item_scores`, CONSTRAINT `tb_item_scores_ibfk_1` FOREIGN KEY (`es_id`) REFERENCES `tb_evaluator_scores` (`es_id`)) in D:\xampp\htdocs\personnel\vendor\codeigniter4\framework\system\Database\MySQLi\Connection.php:295
Stack trace:
#0 D:\xampp\htdocs\personnel\vendor\codeigniter4\framework\system\Database\MySQLi\Connection.php(295): mysqli->query('INSERT INTO `tb...', 0)
#1 D:\xampp\htdocs\personnel\vendor\codeigniter4\framework\system\Database\BaseConnection.php(692): CodeIgniter\Database\MySQLi\Connection->execute('INSERT INTO `tb...')
#2 D:\xampp\htdocs\personnel\vendor\codeigniter4\framework\system\Database\BaseConnection.php(606): CodeIgniter\Database\BaseConnection->simpleQuery('INSERT INTO `tb...')
#3 D:\xampp\htdocs\personnel\vendor\codeigniter4\framework\system\Database\BaseBuilder.php(2309): CodeIgniter\Database\BaseConnection->query('INSERT INTO `tb...', Array, false)
#4 D:\xampp\htdocs\personnel\vendor\codeigniter4\framework\system\Model.php(330): CodeIgniter\Database\BaseBuilder->insert()
#5 D:\xampp\htdocs\personnel\vendor\codeigniter4\framework\system\BaseModel.php(782): CodeIgniter\Model->doInsert(Array)
#6 D:\xampp\htdocs\personnel\vendor\codeigniter4\framework\system\Model.php(730): CodeIgniter\BaseModel->insert(Array, true)
#7 D:\xampp\htdocs\personnel\app\Controllers\ConUserPaEvaluation.php(209): CodeIgniter\Model->insert(Array)
#8 D:\xampp\htdocs\personnel\vendor\codeigniter4\framework\system\CodeIgniter.php(934): App\Controllers\ConUserPaEvaluation->savePaEvaluation()
#9 D:\xampp\htdocs\personnel\vendor\codeigniter4\framework\system\CodeIgniter.php(499): CodeIgniter\CodeIgniter->runController(Object(App\Controllers\ConUserPaEvaluation))
#10 D:\xampp\htdocs\personnel\vendor\codeigniter4\framework\system\CodeIgniter.php(368): CodeIgniter\CodeIgniter->handleRequest(NULL, Object(Config\Cache), false)
#11 D:\xampp\htdocs\personnel\index.php(67): CodeIgniter\CodeIgniter->run()
#12 {main}
ERROR - 2025-09-18 09:31:13 --> mysqli_sql_exception: Cannot add or update a child row: a foreign key constraint fails (`skjacth_pa_evaluation`.`tb_item_scores`, CONSTRAINT `tb_item_scores_ibfk_1` FOREIGN KEY (`es_id`) REFERENCES `tb_evaluator_scores` (`es_id`)) in D:\xampp\htdocs\personnel\vendor\codeigniter4\framework\system\Database\MySQLi\Connection.php:295
Stack trace:
#0 D:\xampp\htdocs\personnel\vendor\codeigniter4\framework\system\Database\MySQLi\Connection.php(295): mysqli->query('INSERT INTO `tb...', 0)
#1 D:\xampp\htdocs\personnel\vendor\codeigniter4\framework\system\Database\BaseConnection.php(692): CodeIgniter\Database\MySQLi\Connection->execute('INSERT INTO `tb...')
#2 D:\xampp\htdocs\personnel\vendor\codeigniter4\framework\system\Database\BaseConnection.php(606): CodeIgniter\Database\BaseConnection->simpleQuery('INSERT INTO `tb...')
#3 D:\xampp\htdocs\personnel\vendor\codeigniter4\framework\system\Database\BaseBuilder.php(2309): CodeIgniter\Database\BaseConnection->query('INSERT INTO `tb...', Array, false)
#4 D:\xampp\htdocs\personnel\vendor\codeigniter4\framework\system\Model.php(330): CodeIgniter\Database\BaseBuilder->insert()
#5 D:\xampp\htdocs\personnel\vendor\codeigniter4\framework\system\BaseModel.php(782): CodeIgniter\Model->doInsert(Array)
#6 D:\xampp\htdocs\personnel\vendor\codeigniter4\framework\system\Model.php(730): CodeIgniter\BaseModel->insert(Array, true)
#7 D:\xampp\htdocs\personnel\app\Controllers\ConUserPaEvaluation.php(209): CodeIgniter\Model->insert(Array)
#8 D:\xampp\htdocs\personnel\vendor\codeigniter4\framework\system\CodeIgniter.php(934): App\Controllers\ConUserPaEvaluation->savePaEvaluation()
#9 D:\xampp\htdocs\personnel\vendor\codeigniter4\framework\system\CodeIgniter.php(499): CodeIgniter\CodeIgniter->runController(Object(App\Controllers\ConUserPaEvaluation))
#10 D:\xampp\htdocs\personnel\vendor\codeigniter4\framework\system\CodeIgniter.php(368): CodeIgniter\CodeIgniter->handleRequest(NULL, Object(Config\Cache), false)
#11 D:\xampp\htdocs\personnel\index.php(67): CodeIgniter\CodeIgniter->run()
#12 {main}
ERROR - 2025-09-18 09:31:13 --> mysqli_sql_exception: Cannot add or update a child row: a foreign key constraint fails (`skjacth_pa_evaluation`.`tb_item_scores`, CONSTRAINT `tb_item_scores_ibfk_1` FOREIGN KEY (`es_id`) REFERENCES `tb_evaluator_scores` (`es_id`)) in D:\xampp\htdocs\personnel\vendor\codeigniter4\framework\system\Database\MySQLi\Connection.php:295
Stack trace:
#0 D:\xampp\htdocs\personnel\vendor\codeigniter4\framework\system\Database\MySQLi\Connection.php(295): mysqli->query('INSERT INTO `tb...', 0)
#1 D:\xampp\htdocs\personnel\vendor\codeigniter4\framework\system\Database\BaseConnection.php(692): CodeIgniter\Database\MySQLi\Connection->execute('INSERT INTO `tb...')
#2 D:\xampp\htdocs\personnel\vendor\codeigniter4\framework\system\Database\BaseConnection.php(606): CodeIgniter\Database\BaseConnection->simpleQuery('INSERT INTO `tb...')
#3 D:\xampp\htdocs\personnel\vendor\codeigniter4\framework\system\Database\BaseBuilder.php(2309): CodeIgniter\Database\BaseConnection->query('INSERT INTO `tb...', Array, false)
#4 D:\xampp\htdocs\personnel\vendor\codeigniter4\framework\system\Model.php(330): CodeIgniter\Database\BaseBuilder->insert()
#5 D:\xampp\htdocs\personnel\vendor\codeigniter4\framework\system\BaseModel.php(782): CodeIgniter\Model->doInsert(Array)
#6 D:\xampp\htdocs\personnel\vendor\codeigniter4\framework\system\Model.php(730): CodeIgniter\BaseModel->insert(Array, true)
#7 D:\xampp\htdocs\personnel\app\Controllers\ConUserPaEvaluation.php(209): CodeIgniter\Model->insert(Array)
#8 D:\xampp\htdocs\personnel\vendor\codeigniter4\framework\system\CodeIgniter.php(934): App\Controllers\ConUserPaEvaluation->savePaEvaluation()
#9 D:\xampp\htdocs\personnel\vendor\codeigniter4\framework\system\CodeIgniter.php(499): CodeIgniter\CodeIgniter->runController(Object(App\Controllers\ConUserPaEvaluation))
#10 D:\xampp\htdocs\personnel\vendor\codeigniter4\framework\system\CodeIgniter.php(368): CodeIgniter\CodeIgniter->handleRequest(NULL, Object(Config\Cache), false)
#11 D:\xampp\htdocs\personnel\index.php(67): CodeIgniter\CodeIgniter->run()
#12 {main}
ERROR - 2025-09-18 09:31:13 --> mysqli_sql_exception: Cannot add or update a child row: a foreign key constraint fails (`skjacth_pa_evaluation`.`tb_item_scores`, CONSTRAINT `tb_item_scores_ibfk_1` FOREIGN KEY (`es_id`) REFERENCES `tb_evaluator_scores` (`es_id`)) in D:\xampp\htdocs\personnel\vendor\codeigniter4\framework\system\Database\MySQLi\Connection.php:295
Stack trace:
#0 D:\xampp\htdocs\personnel\vendor\codeigniter4\framework\system\Database\MySQLi\Connection.php(295): mysqli->query('INSERT INTO `tb...', 0)
#1 D:\xampp\htdocs\personnel\vendor\codeigniter4\framework\system\Database\BaseConnection.php(692): CodeIgniter\Database\MySQLi\Connection->execute('INSERT INTO `tb...')
#2 D:\xampp\htdocs\personnel\vendor\codeigniter4\framework\system\Database\BaseConnection.php(606): CodeIgniter\Database\BaseConnection->simpleQuery('INSERT INTO `tb...')
#3 D:\xampp\htdocs\personnel\vendor\codeigniter4\framework\system\Database\BaseBuilder.php(2309): CodeIgniter\Database\BaseConnection->query('INSERT INTO `tb...', Array, false)
#4 D:\xampp\htdocs\personnel\vendor\codeigniter4\framework\system\Model.php(330): CodeIgniter\Database\BaseBuilder->insert()
#5 D:\xampp\htdocs\personnel\vendor\codeigniter4\framework\system\BaseModel.php(782): CodeIgniter\Model->doInsert(Array)
#6 D:\xampp\htdocs\personnel\vendor\codeigniter4\framework\system\Model.php(730): CodeIgniter\BaseModel->insert(Array, true)
#7 D:\xampp\htdocs\personnel\app\Controllers\ConUserPaEvaluation.php(209): CodeIgniter\Model->insert(Array)
#8 D:\xampp\htdocs\personnel\vendor\codeigniter4\framework\system\CodeIgniter.php(934): App\Controllers\ConUserPaEvaluation->savePaEvaluation()
#9 D:\xampp\htdocs\personnel\vendor\codeigniter4\framework\system\CodeIgniter.php(499): CodeIgniter\CodeIgniter->runController(Object(App\Controllers\ConUserPaEvaluation))
#10 D:\xampp\htdocs\personnel\vendor\codeigniter4\framework\system\CodeIgniter.php(368): CodeIgniter\CodeIgniter->handleRequest(NULL, Object(Config\Cache), false)
#11 D:\xampp\htdocs\personnel\index.php(67): CodeIgniter\CodeIgniter->run()
#12 {main}
ERROR - 2025-09-18 09:31:13 --> mysqli_sql_exception: Cannot add or update a child row: a foreign key constraint fails (`skjacth_pa_evaluation`.`tb_item_scores`, CONSTRAINT `tb_item_scores_ibfk_1` FOREIGN KEY (`es_id`) REFERENCES `tb_evaluator_scores` (`es_id`)) in D:\xampp\htdocs\personnel\vendor\codeigniter4\framework\system\Database\MySQLi\Connection.php:295
Stack trace:
#0 D:\xampp\htdocs\personnel\vendor\codeigniter4\framework\system\Database\MySQLi\Connection.php(295): mysqli->query('INSERT INTO `tb...', 0)
#1 D:\xampp\htdocs\personnel\vendor\codeigniter4\framework\system\Database\BaseConnection.php(692): CodeIgniter\Database\MySQLi\Connection->execute('INSERT INTO `tb...')
#2 D:\xampp\htdocs\personnel\vendor\codeigniter4\framework\system\Database\BaseConnection.php(606): CodeIgniter\Database\BaseConnection->simpleQuery('INSERT INTO `tb...')
#3 D:\xampp\htdocs\personnel\vendor\codeigniter4\framework\system\Database\BaseBuilder.php(2309): CodeIgniter\Database\BaseConnection->query('INSERT INTO `tb...', Array, false)
#4 D:\xampp\htdocs\personnel\vendor\codeigniter4\framework\system\Model.php(330): CodeIgniter\Database\BaseBuilder->insert()
#5 D:\xampp\htdocs\personnel\vendor\codeigniter4\framework\system\BaseModel.php(782): CodeIgniter\Model->doInsert(Array)
#6 D:\xampp\htdocs\personnel\vendor\codeigniter4\framework\system\Model.php(730): CodeIgniter\BaseModel->insert(Array, true)
#7 D:\xampp\htdocs\personnel\app\Controllers\ConUserPaEvaluation.php(209): CodeIgniter\Model->insert(Array)
#8 D:\xampp\htdocs\personnel\vendor\codeigniter4\framework\system\CodeIgniter.php(934): App\Controllers\ConUserPaEvaluation->savePaEvaluation()
#9 D:\xampp\htdocs\personnel\vendor\codeigniter4\framework\system\CodeIgniter.php(499): CodeIgniter\CodeIgniter->runController(Object(App\Controllers\ConUserPaEvaluation))
#10 D:\xampp\htdocs\personnel\vendor\codeigniter4\framework\system\CodeIgniter.php(368): CodeIgniter\CodeIgniter->handleRequest(NULL, Object(Config\Cache), false)
#11 D:\xampp\htdocs\personnel\index.php(67): CodeIgniter\CodeIgniter->run()
#12 {main}
ERROR - 2025-09-18 09:31:13 --> mysqli_sql_exception: Cannot add or update a child row: a foreign key constraint fails (`skjacth_pa_evaluation`.`tb_item_scores`, CONSTRAINT `tb_item_scores_ibfk_1` FOREIGN KEY (`es_id`) REFERENCES `tb_evaluator_scores` (`es_id`)) in D:\xampp\htdocs\personnel\vendor\codeigniter4\framework\system\Database\MySQLi\Connection.php:295
Stack trace:
#0 D:\xampp\htdocs\personnel\vendor\codeigniter4\framework\system\Database\MySQLi\Connection.php(295): mysqli->query('INSERT INTO `tb...', 0)
#1 D:\xampp\htdocs\personnel\vendor\codeigniter4\framework\system\Database\BaseConnection.php(692): CodeIgniter\Database\MySQLi\Connection->execute('INSERT INTO `tb...')
#2 D:\xampp\htdocs\personnel\vendor\codeigniter4\framework\system\Database\BaseConnection.php(606): CodeIgniter\Database\BaseConnection->simpleQuery('INSERT INTO `tb...')
#3 D:\xampp\htdocs\personnel\vendor\codeigniter4\framework\system\Database\BaseBuilder.php(2309): CodeIgniter\Database\BaseConnection->query('INSERT INTO `tb...', Array, false)
#4 D:\xampp\htdocs\personnel\vendor\codeigniter4\framework\system\Model.php(330): CodeIgniter\Database\BaseBuilder->insert()
#5 D:\xampp\htdocs\personnel\vendor\codeigniter4\framework\system\BaseModel.php(782): CodeIgniter\Model->doInsert(Array)
#6 D:\xampp\htdocs\personnel\vendor\codeigniter4\framework\system\Model.php(730): CodeIgniter\BaseModel->insert(Array, true)
#7 D:\xampp\htdocs\personnel\app\Controllers\ConUserPaEvaluation.php(209): CodeIgniter\Model->insert(Array)
#8 D:\xampp\htdocs\personnel\vendor\codeigniter4\framework\system\CodeIgniter.php(934): App\Controllers\ConUserPaEvaluation->savePaEvaluation()
#9 D:\xampp\htdocs\personnel\vendor\codeigniter4\framework\system\CodeIgniter.php(499): CodeIgniter\CodeIgniter->runController(Object(App\Controllers\ConUserPaEvaluation))
#10 D:\xampp\htdocs\personnel\vendor\codeigniter4\framework\system\CodeIgniter.php(368): CodeIgniter\CodeIgniter->handleRequest(NULL, Object(Config\Cache), false)
#11 D:\xampp\htdocs\personnel\index.php(67): CodeIgniter\CodeIgniter->run()
#12 {main}
ERROR - 2025-09-18 09:31:13 --> mysqli_sql_exception: Cannot add or update a child row: a foreign key constraint fails (`skjacth_pa_evaluation`.`tb_item_scores`, CONSTRAINT `tb_item_scores_ibfk_1` FOREIGN KEY (`es_id`) REFERENCES `tb_evaluator_scores` (`es_id`)) in D:\xampp\htdocs\personnel\vendor\codeigniter4\framework\system\Database\MySQLi\Connection.php:295
Stack trace:
#0 D:\xampp\htdocs\personnel\vendor\codeigniter4\framework\system\Database\MySQLi\Connection.php(295): mysqli->query('INSERT INTO `tb...', 0)
#1 D:\xampp\htdocs\personnel\vendor\codeigniter4\framework\system\Database\BaseConnection.php(692): CodeIgniter\Database\MySQLi\Connection->execute('INSERT INTO `tb...')
#2 D:\xampp\htdocs\personnel\vendor\codeigniter4\framework\system\Database\BaseConnection.php(606): CodeIgniter\Database\BaseConnection->simpleQuery('INSERT INTO `tb...')
#3 D:\xampp\htdocs\personnel\vendor\codeigniter4\framework\system\Database\BaseBuilder.php(2309): CodeIgniter\Database\BaseConnection->query('INSERT INTO `tb...', Array, false)
#4 D:\xampp\htdocs\personnel\vendor\codeigniter4\framework\system\Model.php(330): CodeIgniter\Database\BaseBuilder->insert()
#5 D:\xampp\htdocs\personnel\vendor\codeigniter4\framework\system\BaseModel.php(782): CodeIgniter\Model->doInsert(Array)
#6 D:\xampp\htdocs\personnel\vendor\codeigniter4\framework\system\Model.php(730): CodeIgniter\BaseModel->insert(Array, true)
#7 D:\xampp\htdocs\personnel\app\Controllers\ConUserPaEvaluation.php(209): CodeIgniter\Model->insert(Array)
#8 D:\xampp\htdocs\personnel\vendor\codeigniter4\framework\system\CodeIgniter.php(934): App\Controllers\ConUserPaEvaluation->savePaEvaluation()
#9 D:\xampp\htdocs\personnel\vendor\codeigniter4\framework\system\CodeIgniter.php(499): CodeIgniter\CodeIgniter->runController(Object(App\Controllers\ConUserPaEvaluation))
#10 D:\xampp\htdocs\personnel\vendor\codeigniter4\framework\system\CodeIgniter.php(368): CodeIgniter\CodeIgniter->handleRequest(NULL, Object(Config\Cache), false)
#11 D:\xampp\htdocs\personnel\index.php(67): CodeIgniter\CodeIgniter->run()
#12 {main}
ERROR - 2025-09-18 09:31:13 --> mysqli_sql_exception: Cannot add or update a child row: a foreign key constraint fails (`skjacth_pa_evaluation`.`tb_item_scores`, CONSTRAINT `tb_item_scores_ibfk_1` FOREIGN KEY (`es_id`) REFERENCES `tb_evaluator_scores` (`es_id`)) in D:\xampp\htdocs\personnel\vendor\codeigniter4\framework\system\Database\MySQLi\Connection.php:295
Stack trace:
#0 D:\xampp\htdocs\personnel\vendor\codeigniter4\framework\system\Database\MySQLi\Connection.php(295): mysqli->query('INSERT INTO `tb...', 0)
#1 D:\xampp\htdocs\personnel\vendor\codeigniter4\framework\system\Database\BaseConnection.php(692): CodeIgniter\Database\MySQLi\Connection->execute('INSERT INTO `tb...')
#2 D:\xampp\htdocs\personnel\vendor\codeigniter4\framework\system\Database\BaseConnection.php(606): CodeIgniter\Database\BaseConnection->simpleQuery('INSERT INTO `tb...')
#3 D:\xampp\htdocs\personnel\vendor\codeigniter4\framework\system\Database\BaseBuilder.php(2309): CodeIgniter\Database\BaseConnection->query('INSERT INTO `tb...', Array, false)
#4 D:\xampp\htdocs\personnel\vendor\codeigniter4\framework\system\Model.php(330): CodeIgniter\Database\BaseBuilder->insert()
#5 D:\xampp\htdocs\personnel\vendor\codeigniter4\framework\system\BaseModel.php(782): CodeIgniter\Model->doInsert(Array)
#6 D:\xampp\htdocs\personnel\vendor\codeigniter4\framework\system\Model.php(730): CodeIgniter\BaseModel->insert(Array, true)
#7 D:\xampp\htdocs\personnel\app\Controllers\ConUserPaEvaluation.php(209): CodeIgniter\Model->insert(Array)
#8 D:\xampp\htdocs\personnel\vendor\codeigniter4\framework\system\CodeIgniter.php(934): App\Controllers\ConUserPaEvaluation->savePaEvaluation()
#9 D:\xampp\htdocs\personnel\vendor\codeigniter4\framework\system\CodeIgniter.php(499): CodeIgniter\CodeIgniter->runController(Object(App\Controllers\ConUserPaEvaluation))
#10 D:\xampp\htdocs\personnel\vendor\codeigniter4\framework\system\CodeIgniter.php(368): CodeIgniter\CodeIgniter->handleRequest(NULL, Object(Config\Cache), false)
#11 D:\xampp\htdocs\personnel\index.php(67): CodeIgniter\CodeIgniter->run()
#12 {main}
ERROR - 2025-09-18 09:31:13 --> mysqli_sql_exception: Cannot add or update a child row: a foreign key constraint fails (`skjacth_pa_evaluation`.`tb_item_scores`, CONSTRAINT `tb_item_scores_ibfk_1` FOREIGN KEY (`es_id`) REFERENCES `tb_evaluator_scores` (`es_id`)) in D:\xampp\htdocs\personnel\vendor\codeigniter4\framework\system\Database\MySQLi\Connection.php:295
Stack trace:
#0 D:\xampp\htdocs\personnel\vendor\codeigniter4\framework\system\Database\MySQLi\Connection.php(295): mysqli->query('INSERT INTO `tb...', 0)
#1 D:\xampp\htdocs\personnel\vendor\codeigniter4\framework\system\Database\BaseConnection.php(692): CodeIgniter\Database\MySQLi\Connection->execute('INSERT INTO `tb...')
#2 D:\xampp\htdocs\personnel\vendor\codeigniter4\framework\system\Database\BaseConnection.php(606): CodeIgniter\Database\BaseConnection->simpleQuery('INSERT INTO `tb...')
#3 D:\xampp\htdocs\personnel\vendor\codeigniter4\framework\system\Database\BaseBuilder.php(2309): CodeIgniter\Database\BaseConnection->query('INSERT INTO `tb...', Array, false)
#4 D:\xampp\htdocs\personnel\vendor\codeigniter4\framework\system\Model.php(330): CodeIgniter\Database\BaseBuilder->insert()
#5 D:\xampp\htdocs\personnel\vendor\codeigniter4\framework\system\BaseModel.php(782): CodeIgniter\Model->doInsert(Array)
#6 D:\xampp\htdocs\personnel\vendor\codeigniter4\framework\system\Model.php(730): CodeIgniter\BaseModel->insert(Array, true)
#7 D:\xampp\htdocs\personnel\app\Controllers\ConUserPaEvaluation.php(209): CodeIgniter\Model->insert(Array)
#8 D:\xampp\htdocs\personnel\vendor\codeigniter4\framework\system\CodeIgniter.php(934): App\Controllers\ConUserPaEvaluation->savePaEvaluation()
#9 D:\xampp\htdocs\personnel\vendor\codeigniter4\framework\system\CodeIgniter.php(499): CodeIgniter\CodeIgniter->runController(Object(App\Controllers\ConUserPaEvaluation))
#10 D:\xampp\htdocs\personnel\vendor\codeigniter4\framework\system\CodeIgniter.php(368): CodeIgniter\CodeIgniter->handleRequest(NULL, Object(Config\Cache), false)
#11 D:\xampp\htdocs\personnel\index.php(67): CodeIgniter\CodeIgniter->run()
#12 {main}
INFO - 2025-09-18 09:32:32 --> Session: Class initialized using 'CodeIgniter\Session\Handlers\FileHandler' driver.
DEBUG - 2025-09-18 09:32:32 --> Evaluator ID from session: e68ca971133bec
DEBUG - 2025-09-18 09:32:32 --> Evaluator data fetched: {"e_id":"e68ca971133bec","e_first_name":"\u0e19\u0e32\u0e22\u0e1b\u0e34\u0e22\u0e30  ","e_last_name":"\u0e2d\u0e48\u0e33\u0e2a\u0e38\u0e1e\u0e23\u0e23\u0e13","e_position":"\u0e04\u0e23\u0e39","e_academic_standing":"\u0e04\u0e23\u0e39\u0e0a\u0e33\u0e19\u0e32\u0e0d\u0e01\u0e32\u0e23\u0e1e\u0e34\u0e40\u0e28\u0e29","e_organization":"\u0e42\u0e23\u0e07\u0e40\u0e23\u0e35\u0e22\u0e19\u0e2a\u0e15\u0e23\u0e35\u0e19\u0e04\u0e23\u0e2a\u0e27\u0e23\u0e23\u0e04\u0e4c","e_Username":"skj02","e_Password":"$2y$10$NOA8eaVIkbusZENy7SbrveRVrGDc0RoskEhI5FErcOVJwuzPPesLC"}
INFO - 2025-09-18 09:32:53 --> Session: Class initialized using 'CodeIgniter\Session\Handlers\FileHandler' driver.
ERROR - 2025-09-18 09:32:53 --> mysqli_sql_exception: Cannot add or update a child row: a foreign key constraint fails (`skjacth_pa_evaluation`.`tb_evaluations`, CONSTRAINT `tb_evaluations_ibfk_1` FOREIGN KEY (`t_id`) REFERENCES `tb_personnel` (`pers_id`)) in D:\xampp\htdocs\personnel\vendor\codeigniter4\framework\system\Database\MySQLi\Connection.php:295
Stack trace:
#0 D:\xampp\htdocs\personnel\vendor\codeigniter4\framework\system\Database\MySQLi\Connection.php(295): mysqli->query('INSERT INTO `tb...', 0)
#1 D:\xampp\htdocs\personnel\vendor\codeigniter4\framework\system\Database\BaseConnection.php(692): CodeIgniter\Database\MySQLi\Connection->execute('INSERT INTO `tb...')
#2 D:\xampp\htdocs\personnel\vendor\codeigniter4\framework\system\Database\BaseConnection.php(606): CodeIgniter\Database\BaseConnection->simpleQuery('INSERT INTO `tb...')
#3 D:\xampp\htdocs\personnel\vendor\codeigniter4\framework\system\Database\BaseBuilder.php(2309): CodeIgniter\Database\BaseConnection->query('INSERT INTO `tb...', Array, false)
#4 D:\xampp\htdocs\personnel\vendor\codeigniter4\framework\system\Model.php(330): CodeIgniter\Database\BaseBuilder->insert()
#5 D:\xampp\htdocs\personnel\vendor\codeigniter4\framework\system\BaseModel.php(782): CodeIgniter\Model->doInsert(Array)
#6 D:\xampp\htdocs\personnel\vendor\codeigniter4\framework\system\Model.php(730): CodeIgniter\BaseModel->insert(Array, true)
#7 D:\xampp\htdocs\personnel\app\Controllers\ConUserPaEvaluation.php(179): CodeIgniter\Model->insert(Array)
#8 D:\xampp\htdocs\personnel\vendor\codeigniter4\framework\system\CodeIgniter.php(934): App\Controllers\ConUserPaEvaluation->savePaEvaluation()
#9 D:\xampp\htdocs\personnel\vendor\codeigniter4\framework\system\CodeIgniter.php(499): CodeIgniter\CodeIgniter->runController(Object(App\Controllers\ConUserPaEvaluation))
#10 D:\xampp\htdocs\personnel\vendor\codeigniter4\framework\system\CodeIgniter.php(368): CodeIgniter\CodeIgniter->handleRequest(NULL, Object(Config\Cache), false)
#11 D:\xampp\htdocs\personnel\index.php(67): CodeIgniter\CodeIgniter->run()
#12 {main}
ERROR - 2025-09-18 09:32:53 --> PA Evaluation Save Error: ไม่สามารถบันทึกข้อมูลการประเมินหลักได้.
INFO - 2025-09-18 09:33:24 --> Session: Class initialized using 'CodeIgniter\Session\Handlers\FileHandler' driver.
ERROR - 2025-09-18 09:33:24 --> mysqli_sql_exception: Cannot add or update a child row: a foreign key constraint fails (`skjacth_pa_evaluation`.`tb_evaluations`, CONSTRAINT `tb_evaluations_ibfk_1` FOREIGN KEY (`t_id`) REFERENCES `tb_personnel` (`pers_id`)) in D:\xampp\htdocs\personnel\vendor\codeigniter4\framework\system\Database\MySQLi\Connection.php:295
Stack trace:
#0 D:\xampp\htdocs\personnel\vendor\codeigniter4\framework\system\Database\MySQLi\Connection.php(295): mysqli->query('INSERT INTO `tb...', 0)
#1 D:\xampp\htdocs\personnel\vendor\codeigniter4\framework\system\Database\BaseConnection.php(692): CodeIgniter\Database\MySQLi\Connection->execute('INSERT INTO `tb...')
#2 D:\xampp\htdocs\personnel\vendor\codeigniter4\framework\system\Database\BaseConnection.php(606): CodeIgniter\Database\BaseConnection->simpleQuery('INSERT INTO `tb...')
#3 D:\xampp\htdocs\personnel\vendor\codeigniter4\framework\system\Database\BaseBuilder.php(2309): CodeIgniter\Database\BaseConnection->query('INSERT INTO `tb...', Array, false)
#4 D:\xampp\htdocs\personnel\vendor\codeigniter4\framework\system\Model.php(330): CodeIgniter\Database\BaseBuilder->insert()
#5 D:\xampp\htdocs\personnel\vendor\codeigniter4\framework\system\BaseModel.php(782): CodeIgniter\Model->doInsert(Array)
#6 D:\xampp\htdocs\personnel\vendor\codeigniter4\framework\system\Model.php(730): CodeIgniter\BaseModel->insert(Array, true)
#7 D:\xampp\htdocs\personnel\app\Controllers\ConUserPaEvaluation.php(179): CodeIgniter\Model->insert(Array)
#8 D:\xampp\htdocs\personnel\vendor\codeigniter4\framework\system\CodeIgniter.php(934): App\Controllers\ConUserPaEvaluation->savePaEvaluation()
#9 D:\xampp\htdocs\personnel\vendor\codeigniter4\framework\system\CodeIgniter.php(499): CodeIgniter\CodeIgniter->runController(Object(App\Controllers\ConUserPaEvaluation))
#10 D:\xampp\htdocs\personnel\vendor\codeigniter4\framework\system\CodeIgniter.php(368): CodeIgniter\CodeIgniter->handleRequest(NULL, Object(Config\Cache), false)
#11 D:\xampp\htdocs\personnel\index.php(67): CodeIgniter\CodeIgniter->run()
#12 {main}
ERROR - 2025-09-18 09:33:24 --> PA Evaluation Save Error: ไม่สามารถบันทึกข้อมูลการประเมินหลักได้.
INFO - 2025-09-18 09:34:26 --> Session: Class initialized using 'CodeIgniter\Session\Handlers\FileHandler' driver.
DEBUG - 2025-09-18 09:34:26 --> Evaluator ID from session: e68ca971133bec
DEBUG - 2025-09-18 09:34:26 --> Evaluator data fetched: {"e_id":"e68ca971133bec","e_first_name":"\u0e19\u0e32\u0e22\u0e1b\u0e34\u0e22\u0e30  ","e_last_name":"\u0e2d\u0e48\u0e33\u0e2a\u0e38\u0e1e\u0e23\u0e23\u0e13","e_position":"\u0e04\u0e23\u0e39","e_academic_standing":"\u0e04\u0e23\u0e39\u0e0a\u0e33\u0e19\u0e32\u0e0d\u0e01\u0e32\u0e23\u0e1e\u0e34\u0e40\u0e28\u0e29","e_organization":"\u0e42\u0e23\u0e07\u0e40\u0e23\u0e35\u0e22\u0e19\u0e2a\u0e15\u0e23\u0e35\u0e19\u0e04\u0e23\u0e2a\u0e27\u0e23\u0e23\u0e04\u0e4c","e_Username":"skj02","e_Password":"$2y$10$NOA8eaVIkbusZENy7SbrveRVrGDc0RoskEhI5FErcOVJwuzPPesLC"}
INFO - 2025-09-18 09:34:31 --> Session: Class initialized using 'CodeIgniter\Session\Handlers\FileHandler' driver.
DEBUG - 2025-09-18 09:34:31 --> Evaluator ID from session: e68ca971133bec
DEBUG - 2025-09-18 09:34:31 --> Evaluator data fetched: {"e_id":"e68ca971133bec","e_first_name":"\u0e19\u0e32\u0e22\u0e1b\u0e34\u0e22\u0e30  ","e_last_name":"\u0e2d\u0e48\u0e33\u0e2a\u0e38\u0e1e\u0e23\u0e23\u0e13","e_position":"\u0e04\u0e23\u0e39","e_academic_standing":"\u0e04\u0e23\u0e39\u0e0a\u0e33\u0e19\u0e32\u0e0d\u0e01\u0e32\u0e23\u0e1e\u0e34\u0e40\u0e28\u0e29","e_organization":"\u0e42\u0e23\u0e07\u0e40\u0e23\u0e35\u0e22\u0e19\u0e2a\u0e15\u0e23\u0e35\u0e19\u0e04\u0e23\u0e2a\u0e27\u0e23\u0e23\u0e04\u0e4c","e_Username":"skj02","e_Password":"$2y$10$NOA8eaVIkbusZENy7SbrveRVrGDc0RoskEhI5FErcOVJwuzPPesLC"}
INFO - 2025-09-18 09:34:59 --> Session: Class initialized using 'CodeIgniter\Session\Handlers\FileHandler' driver.
ERROR - 2025-09-18 09:35:00 --> mysqli_sql_exception: Cannot add or update a child row: a foreign key constraint fails (`skjacth_pa_evaluation`.`tb_evaluations`, CONSTRAINT `tb_evaluations_ibfk_1` FOREIGN KEY (`t_id`) REFERENCES `tb_personnel` (`pers_id`)) in D:\xampp\htdocs\personnel\vendor\codeigniter4\framework\system\Database\MySQLi\Connection.php:295
Stack trace:
#0 D:\xampp\htdocs\personnel\vendor\codeigniter4\framework\system\Database\MySQLi\Connection.php(295): mysqli->query('INSERT INTO `tb...', 0)
#1 D:\xampp\htdocs\personnel\vendor\codeigniter4\framework\system\Database\BaseConnection.php(692): CodeIgniter\Database\MySQLi\Connection->execute('INSERT INTO `tb...')
#2 D:\xampp\htdocs\personnel\vendor\codeigniter4\framework\system\Database\BaseConnection.php(606): CodeIgniter\Database\BaseConnection->simpleQuery('INSERT INTO `tb...')
#3 D:\xampp\htdocs\personnel\vendor\codeigniter4\framework\system\Database\BaseBuilder.php(2309): CodeIgniter\Database\BaseConnection->query('INSERT INTO `tb...', Array, false)
#4 D:\xampp\htdocs\personnel\vendor\codeigniter4\framework\system\Model.php(330): CodeIgniter\Database\BaseBuilder->insert()
#5 D:\xampp\htdocs\personnel\vendor\codeigniter4\framework\system\BaseModel.php(782): CodeIgniter\Model->doInsert(Array)
#6 D:\xampp\htdocs\personnel\vendor\codeigniter4\framework\system\Model.php(730): CodeIgniter\BaseModel->insert(Array, true)
#7 D:\xampp\htdocs\personnel\app\Controllers\ConUserPaEvaluation.php(188): CodeIgniter\Model->insert(Array)
#8 D:\xampp\htdocs\personnel\vendor\codeigniter4\framework\system\CodeIgniter.php(934): App\Controllers\ConUserPaEvaluation->savePaEvaluation()
#9 D:\xampp\htdocs\personnel\vendor\codeigniter4\framework\system\CodeIgniter.php(499): CodeIgniter\CodeIgniter->runController(Object(App\Controllers\ConUserPaEvaluation))
#10 D:\xampp\htdocs\personnel\vendor\codeigniter4\framework\system\CodeIgniter.php(368): CodeIgniter\CodeIgniter->handleRequest(NULL, Object(Config\Cache), false)
#11 D:\xampp\htdocs\personnel\index.php(67): CodeIgniter\CodeIgniter->run()
#12 {main}
ERROR - 2025-09-18 09:35:00 --> PA Evaluation Save Error: ไม่สามารถบันทึกข้อมูลการประเมินหลักได้.
INFO - 2025-09-18 09:40:34 --> Session: Class initialized using 'CodeIgniter\Session\Handlers\FileHandler' driver.
DEBUG - 2025-09-18 09:40:34 --> Evaluator ID from session: e68ca971133bec
DEBUG - 2025-09-18 09:40:34 --> Evaluator data fetched: {"e_id":"e68ca971133bec","e_first_name":"\u0e19\u0e32\u0e22\u0e1b\u0e34\u0e22\u0e30  ","e_last_name":"\u0e2d\u0e48\u0e33\u0e2a\u0e38\u0e1e\u0e23\u0e23\u0e13","e_position":"\u0e04\u0e23\u0e39","e_academic_standing":"\u0e04\u0e23\u0e39\u0e0a\u0e33\u0e19\u0e32\u0e0d\u0e01\u0e32\u0e23\u0e1e\u0e34\u0e40\u0e28\u0e29","e_organization":"\u0e42\u0e23\u0e07\u0e40\u0e23\u0e35\u0e22\u0e19\u0e2a\u0e15\u0e23\u0e35\u0e19\u0e04\u0e23\u0e2a\u0e27\u0e23\u0e23\u0e04\u0e4c","e_Username":"skj02","e_Password":"$2y$10$NOA8eaVIkbusZENy7SbrveRVrGDc0RoskEhI5FErcOVJwuzPPesLC"}
INFO - 2025-09-18 09:40:52 --> Session: Class initialized using 'CodeIgniter\Session\Handlers\FileHandler' driver.
ERROR - 2025-09-18 09:40:52 --> mysqli_sql_exception: Cannot add or update a child row: a foreign key constraint fails (`skjacth_pa_evaluation`.`tb_evaluations`, CONSTRAINT `tb_evaluations_ibfk_1` FOREIGN KEY (`t_id`) REFERENCES `tb_personnel` (`pers_id`)) in D:\xampp\htdocs\personnel\vendor\codeigniter4\framework\system\Database\MySQLi\Connection.php:295
Stack trace:
#0 D:\xampp\htdocs\personnel\vendor\codeigniter4\framework\system\Database\MySQLi\Connection.php(295): mysqli->query('INSERT INTO `tb...', 0)
#1 D:\xampp\htdocs\personnel\vendor\codeigniter4\framework\system\Database\BaseConnection.php(692): CodeIgniter\Database\MySQLi\Connection->execute('INSERT INTO `tb...')
#2 D:\xampp\htdocs\personnel\vendor\codeigniter4\framework\system\Database\BaseConnection.php(606): CodeIgniter\Database\BaseConnection->simpleQuery('INSERT INTO `tb...')
#3 D:\xampp\htdocs\personnel\vendor\codeigniter4\framework\system\Database\BaseBuilder.php(2309): CodeIgniter\Database\BaseConnection->query('INSERT INTO `tb...', Array, false)
#4 D:\xampp\htdocs\personnel\vendor\codeigniter4\framework\system\Model.php(330): CodeIgniter\Database\BaseBuilder->insert()
#5 D:\xampp\htdocs\personnel\vendor\codeigniter4\framework\system\BaseModel.php(782): CodeIgniter\Model->doInsert(Array)
#6 D:\xampp\htdocs\personnel\vendor\codeigniter4\framework\system\Model.php(730): CodeIgniter\BaseModel->insert(Array, true)
#7 D:\xampp\htdocs\personnel\app\Controllers\ConUserPaEvaluation.php(188): CodeIgniter\Model->insert(Array)
#8 D:\xampp\htdocs\personnel\vendor\codeigniter4\framework\system\CodeIgniter.php(934): App\Controllers\ConUserPaEvaluation->savePaEvaluation()
#9 D:\xampp\htdocs\personnel\vendor\codeigniter4\framework\system\CodeIgniter.php(499): CodeIgniter\CodeIgniter->runController(Object(App\Controllers\ConUserPaEvaluation))
#10 D:\xampp\htdocs\personnel\vendor\codeigniter4\framework\system\CodeIgniter.php(368): CodeIgniter\CodeIgniter->handleRequest(NULL, Object(Config\Cache), false)
#11 D:\xampp\htdocs\personnel\index.php(67): CodeIgniter\CodeIgniter->run()
#12 {main}
ERROR - 2025-09-18 09:40:52 --> PA Evaluation Save Error: ไม่สามารถบันทึกข้อมูลการประเมินหลักได้.
INFO - 2025-09-18 09:41:46 --> Session: Class initialized using 'CodeIgniter\Session\Handlers\FileHandler' driver.
DEBUG - 2025-09-18 09:41:46 --> Evaluator ID from session: e68ca971133bec
DEBUG - 2025-09-18 09:41:46 --> Evaluator data fetched: {"e_id":"e68ca971133bec","e_first_name":"\u0e19\u0e32\u0e22\u0e1b\u0e34\u0e22\u0e30  ","e_last_name":"\u0e2d\u0e48\u0e33\u0e2a\u0e38\u0e1e\u0e23\u0e23\u0e13","e_position":"\u0e04\u0e23\u0e39","e_academic_standing":"\u0e04\u0e23\u0e39\u0e0a\u0e33\u0e19\u0e32\u0e0d\u0e01\u0e32\u0e23\u0e1e\u0e34\u0e40\u0e28\u0e29","e_organization":"\u0e42\u0e23\u0e07\u0e40\u0e23\u0e35\u0e22\u0e19\u0e2a\u0e15\u0e23\u0e35\u0e19\u0e04\u0e23\u0e2a\u0e27\u0e23\u0e23\u0e04\u0e4c","e_Username":"skj02","e_Password":"$2y$10$NOA8eaVIkbusZENy7SbrveRVrGDc0RoskEhI5FErcOVJwuzPPesLC"}
INFO - 2025-09-18 09:41:52 --> Session: Class initialized using 'CodeIgniter\Session\Handlers\FileHandler' driver.
DEBUG - 2025-09-18 09:41:52 --> Attempting to save PA evaluation for personId: pers_004
DEBUG - 2025-09-18 09:41:52 --> Person ID pers_004 exists in tb_personnel: true
ERROR - 2025-09-18 09:41:52 --> mysqli_sql_exception: Cannot add or update a child row: a foreign key constraint fails (`skjacth_pa_evaluation`.`tb_evaluations`, CONSTRAINT `tb_evaluations_ibfk_1` FOREIGN KEY (`t_id`) REFERENCES `tb_personnel` (`pers_id`)) in D:\xampp\htdocs\personnel\vendor\codeigniter4\framework\system\Database\MySQLi\Connection.php:295
Stack trace:
#0 D:\xampp\htdocs\personnel\vendor\codeigniter4\framework\system\Database\MySQLi\Connection.php(295): mysqli->query('INSERT INTO `tb...', 0)
#1 D:\xampp\htdocs\personnel\vendor\codeigniter4\framework\system\Database\BaseConnection.php(692): CodeIgniter\Database\MySQLi\Connection->execute('INSERT INTO `tb...')
#2 D:\xampp\htdocs\personnel\vendor\codeigniter4\framework\system\Database\BaseConnection.php(606): CodeIgniter\Database\BaseConnection->simpleQuery('INSERT INTO `tb...')
#3 D:\xampp\htdocs\personnel\vendor\codeigniter4\framework\system\Database\BaseBuilder.php(2309): CodeIgniter\Database\BaseConnection->query('INSERT INTO `tb...', Array, false)
#4 D:\xampp\htdocs\personnel\vendor\codeigniter4\framework\system\Model.php(330): CodeIgniter\Database\BaseBuilder->insert()
#5 D:\xampp\htdocs\personnel\vendor\codeigniter4\framework\system\BaseModel.php(782): CodeIgniter\Model->doInsert(Array)
#6 D:\xampp\htdocs\personnel\vendor\codeigniter4\framework\system\Model.php(730): CodeIgniter\BaseModel->insert(Array, true)
#7 D:\xampp\htdocs\personnel\app\Controllers\ConUserPaEvaluation.php(192): CodeIgniter\Model->insert(Array)
#8 D:\xampp\htdocs\personnel\vendor\codeigniter4\framework\system\CodeIgniter.php(934): App\Controllers\ConUserPaEvaluation->savePaEvaluation()
#9 D:\xampp\htdocs\personnel\vendor\codeigniter4\framework\system\CodeIgniter.php(499): CodeIgniter\CodeIgniter->runController(Object(App\Controllers\ConUserPaEvaluation))
#10 D:\xampp\htdocs\personnel\vendor\codeigniter4\framework\system\CodeIgniter.php(368): CodeIgniter\CodeIgniter->handleRequest(NULL, Object(Config\Cache), false)
#11 D:\xampp\htdocs\personnel\index.php(67): CodeIgniter\CodeIgniter->run()
#12 {main}
ERROR - 2025-09-18 09:41:52 --> PA Evaluation Save Error: ไม่สามารถบันทึกข้อมูลการประเมินหลักได้.
INFO - 2025-09-18 09:49:16 --> Session: Class initialized using 'CodeIgniter\Session\Handlers\FileHandler' driver.
DEBUG - 2025-09-18 09:49:16 --> Evaluator ID from session: e68ca971133bec
DEBUG - 2025-09-18 09:49:16 --> Evaluator data fetched: {"e_id":"e68ca971133bec","e_first_name":"\u0e19\u0e32\u0e22\u0e1b\u0e34\u0e22\u0e30  ","e_last_name":"\u0e2d\u0e48\u0e33\u0e2a\u0e38\u0e1e\u0e23\u0e23\u0e13","e_position":"\u0e04\u0e23\u0e39","e_academic_standing":"\u0e04\u0e23\u0e39\u0e0a\u0e33\u0e19\u0e32\u0e0d\u0e01\u0e32\u0e23\u0e1e\u0e34\u0e40\u0e28\u0e29","e_organization":"\u0e42\u0e23\u0e07\u0e40\u0e23\u0e35\u0e22\u0e19\u0e2a\u0e15\u0e23\u0e35\u0e19\u0e04\u0e23\u0e2a\u0e27\u0e23\u0e23\u0e04\u0e4c","e_Username":"skj02","e_Password":"$2y$10$NOA8eaVIkbusZENy7SbrveRVrGDc0RoskEhI5FErcOVJwuzPPesLC"}
INFO - 2025-09-18 09:49:31 --> Session: Class initialized using 'CodeIgniter\Session\Handlers\FileHandler' driver.
DEBUG - 2025-09-18 09:49:31 --> Attempting to save PA evaluation for personId: pers_004
DEBUG - 2025-09-18 09:49:31 --> Person ID pers_004 exists in tb_personnel: true
INFO - 2025-09-18 09:53:06 --> Session: Class initialized using 'CodeIgniter\Session\Handlers\FileHandler' driver.
DEBUG - 2025-09-18 09:53:06 --> Evaluator ID from session: e68ca971133bec
DEBUG - 2025-09-18 09:53:06 --> Evaluator data fetched: {"e_id":"e68ca971133bec","e_first_name":"\u0e19\u0e32\u0e22\u0e1b\u0e34\u0e22\u0e30  ","e_last_name":"\u0e2d\u0e48\u0e33\u0e2a\u0e38\u0e1e\u0e23\u0e23\u0e13","e_position":"\u0e04\u0e23\u0e39","e_academic_standing":"\u0e04\u0e23\u0e39\u0e0a\u0e33\u0e19\u0e32\u0e0d\u0e01\u0e32\u0e23\u0e1e\u0e34\u0e40\u0e28\u0e29","e_organization":"\u0e42\u0e23\u0e07\u0e40\u0e23\u0e35\u0e22\u0e19\u0e2a\u0e15\u0e23\u0e35\u0e19\u0e04\u0e23\u0e2a\u0e27\u0e23\u0e23\u0e04\u0e4c","e_Username":"skj02","e_Password":"$2y$10$NOA8eaVIkbusZENy7SbrveRVrGDc0RoskEhI5FErcOVJwuzPPesLC"}
INFO - 2025-09-18 09:53:08 --> Session: Class initialized using 'CodeIgniter\Session\Handlers\FileHandler' driver.
DEBUG - 2025-09-18 09:53:08 --> Evaluator ID from session: e68ca971133bec
DEBUG - 2025-09-18 09:53:08 --> Evaluator data fetched: {"e_id":"e68ca971133bec","e_first_name":"\u0e19\u0e32\u0e22\u0e1b\u0e34\u0e22\u0e30  ","e_last_name":"\u0e2d\u0e48\u0e33\u0e2a\u0e38\u0e1e\u0e23\u0e23\u0e13","e_position":"\u0e04\u0e23\u0e39","e_academic_standing":"\u0e04\u0e23\u0e39\u0e0a\u0e33\u0e19\u0e32\u0e0d\u0e01\u0e32\u0e23\u0e1e\u0e34\u0e40\u0e28\u0e29","e_organization":"\u0e42\u0e23\u0e07\u0e40\u0e23\u0e35\u0e22\u0e19\u0e2a\u0e15\u0e23\u0e35\u0e19\u0e04\u0e23\u0e2a\u0e27\u0e23\u0e23\u0e04\u0e4c","e_Username":"skj02","e_Password":"$2y$10$NOA8eaVIkbusZENy7SbrveRVrGDc0RoskEhI5FErcOVJwuzPPesLC"}
INFO - 2025-09-18 09:53:12 --> Session: Class initialized using 'CodeIgniter\Session\Handlers\FileHandler' driver.
DEBUG - 2025-09-18 09:53:12 --> Evaluator ID from session: e68ca971133bec
DEBUG - 2025-09-18 09:53:12 --> Evaluator data fetched: {"e_id":"e68ca971133bec","e_first_name":"\u0e19\u0e32\u0e22\u0e1b\u0e34\u0e22\u0e30  ","e_last_name":"\u0e2d\u0e48\u0e33\u0e2a\u0e38\u0e1e\u0e23\u0e23\u0e13","e_position":"\u0e04\u0e23\u0e39","e_academic_standing":"\u0e04\u0e23\u0e39\u0e0a\u0e33\u0e19\u0e32\u0e0d\u0e01\u0e32\u0e23\u0e1e\u0e34\u0e40\u0e28\u0e29","e_organization":"\u0e42\u0e23\u0e07\u0e40\u0e23\u0e35\u0e22\u0e19\u0e2a\u0e15\u0e23\u0e35\u0e19\u0e04\u0e23\u0e2a\u0e27\u0e23\u0e23\u0e04\u0e4c","e_Username":"skj02","e_Password":"$2y$10$NOA8eaVIkbusZENy7SbrveRVrGDc0RoskEhI5FErcOVJwuzPPesLC"}
INFO - 2025-09-18 09:53:15 --> Session: Class initialized using 'CodeIgniter\Session\Handlers\FileHandler' driver.
DEBUG - 2025-09-18 09:53:15 --> Evaluator ID from session: e68ca971133bec
DEBUG - 2025-09-18 09:53:15 --> Evaluator data fetched: {"e_id":"e68ca971133bec","e_first_name":"\u0e19\u0e32\u0e22\u0e1b\u0e34\u0e22\u0e30  ","e_last_name":"\u0e2d\u0e48\u0e33\u0e2a\u0e38\u0e1e\u0e23\u0e23\u0e13","e_position":"\u0e04\u0e23\u0e39","e_academic_standing":"\u0e04\u0e23\u0e39\u0e0a\u0e33\u0e19\u0e32\u0e0d\u0e01\u0e32\u0e23\u0e1e\u0e34\u0e40\u0e28\u0e29","e_organization":"\u0e42\u0e23\u0e07\u0e40\u0e23\u0e35\u0e22\u0e19\u0e2a\u0e15\u0e23\u0e35\u0e19\u0e04\u0e23\u0e2a\u0e27\u0e23\u0e23\u0e04\u0e4c","e_Username":"skj02","e_Password":"$2y$10$NOA8eaVIkbusZENy7SbrveRVrGDc0RoskEhI5FErcOVJwuzPPesLC"}
INFO - 2025-09-18 09:53:20 --> Session: Class initialized using 'CodeIgniter\Session\Handlers\FileHandler' driver.
INFO - 2025-09-18 09:53:20 --> Session: Class initialized using 'CodeIgniter\Session\Handlers\FileHandler' driver.
INFO - 2025-09-18 09:53:23 --> Session: Class initialized using 'CodeIgniter\Session\Handlers\FileHandler' driver.
DEBUG - 2025-09-18 09:53:23 --> Evaluator ID from session: e68ca971133bec
DEBUG - 2025-09-18 09:53:23 --> Evaluator data fetched: {"e_id":"e68ca971133bec","e_first_name":"\u0e19\u0e32\u0e22\u0e1b\u0e34\u0e22\u0e30  ","e_last_name":"\u0e2d\u0e48\u0e33\u0e2a\u0e38\u0e1e\u0e23\u0e23\u0e13","e_position":"\u0e04\u0e23\u0e39","e_academic_standing":"\u0e04\u0e23\u0e39\u0e0a\u0e33\u0e19\u0e32\u0e0d\u0e01\u0e32\u0e23\u0e1e\u0e34\u0e40\u0e28\u0e29","e_organization":"\u0e42\u0e23\u0e07\u0e40\u0e23\u0e35\u0e22\u0e19\u0e2a\u0e15\u0e23\u0e35\u0e19\u0e04\u0e23\u0e2a\u0e27\u0e23\u0e23\u0e04\u0e4c","e_Username":"skj02","e_Password":"$2y$10$NOA8eaVIkbusZENy7SbrveRVrGDc0RoskEhI5FErcOVJwuzPPesLC"}
INFO - 2025-09-18 09:55:12 --> Session: Class initialized using 'CodeIgniter\Session\Handlers\FileHandler' driver.
DEBUG - 2025-09-18 09:55:12 --> Evaluator ID from session: e68ca971133bec
DEBUG - 2025-09-18 09:55:12 --> Evaluator data fetched: {"e_id":"e68ca971133bec","e_first_name":"\u0e19\u0e32\u0e22\u0e1b\u0e34\u0e22\u0e30  ","e_last_name":"\u0e2d\u0e48\u0e33\u0e2a\u0e38\u0e1e\u0e23\u0e23\u0e13","e_position":"\u0e04\u0e23\u0e39","e_academic_standing":"\u0e04\u0e23\u0e39\u0e0a\u0e33\u0e19\u0e32\u0e0d\u0e01\u0e32\u0e23\u0e1e\u0e34\u0e40\u0e28\u0e29","e_organization":"\u0e42\u0e23\u0e07\u0e40\u0e23\u0e35\u0e22\u0e19\u0e2a\u0e15\u0e23\u0e35\u0e19\u0e04\u0e23\u0e2a\u0e27\u0e23\u0e23\u0e04\u0e4c","e_Username":"skj02","e_Password":"$2y$10$NOA8eaVIkbusZENy7SbrveRVrGDc0RoskEhI5FErcOVJwuzPPesLC"}
INFO - 2025-09-18 09:55:19 --> Session: Class initialized using 'CodeIgniter\Session\Handlers\FileHandler' driver.
INFO - 2025-09-18 09:55:19 --> Session: Class initialized using 'CodeIgniter\Session\Handlers\FileHandler' driver.
INFO - 2025-09-18 09:55:20 --> Session: Class initialized using 'CodeIgniter\Session\Handlers\FileHandler' driver.
DEBUG - 2025-09-18 09:55:20 --> Evaluator ID from session: e68ca971133bec
DEBUG - 2025-09-18 09:55:20 --> Evaluator data fetched: {"e_id":"e68ca971133bec","e_first_name":"\u0e19\u0e32\u0e22\u0e1b\u0e34\u0e22\u0e30  ","e_last_name":"\u0e2d\u0e48\u0e33\u0e2a\u0e38\u0e1e\u0e23\u0e23\u0e13","e_position":"\u0e04\u0e23\u0e39","e_academic_standing":"\u0e04\u0e23\u0e39\u0e0a\u0e33\u0e19\u0e32\u0e0d\u0e01\u0e32\u0e23\u0e1e\u0e34\u0e40\u0e28\u0e29","e_organization":"\u0e42\u0e23\u0e07\u0e40\u0e23\u0e35\u0e22\u0e19\u0e2a\u0e15\u0e23\u0e35\u0e19\u0e04\u0e23\u0e2a\u0e27\u0e23\u0e23\u0e04\u0e4c","e_Username":"skj02","e_Password":"$2y$10$NOA8eaVIkbusZENy7SbrveRVrGDc0RoskEhI5FErcOVJwuzPPesLC"}
INFO - 2025-09-18 09:55:25 --> Session: Class initialized using 'CodeIgniter\Session\Handlers\FileHandler' driver.
INFO - 2025-09-18 09:55:25 --> Session: Class initialized using 'CodeIgniter\Session\Handlers\FileHandler' driver.
INFO - 2025-09-18 09:55:27 --> Session: Class initialized using 'CodeIgniter\Session\Handlers\FileHandler' driver.
DEBUG - 2025-09-18 09:55:27 --> Evaluator ID from session: e68ca971133bec
DEBUG - 2025-09-18 09:55:27 --> Evaluator data fetched: {"e_id":"e68ca971133bec","e_first_name":"\u0e19\u0e32\u0e22\u0e1b\u0e34\u0e22\u0e30  ","e_last_name":"\u0e2d\u0e48\u0e33\u0e2a\u0e38\u0e1e\u0e23\u0e23\u0e13","e_position":"\u0e04\u0e23\u0e39","e_academic_standing":"\u0e04\u0e23\u0e39\u0e0a\u0e33\u0e19\u0e32\u0e0d\u0e01\u0e32\u0e23\u0e1e\u0e34\u0e40\u0e28\u0e29","e_organization":"\u0e42\u0e23\u0e07\u0e40\u0e23\u0e35\u0e22\u0e19\u0e2a\u0e15\u0e23\u0e35\u0e19\u0e04\u0e23\u0e2a\u0e27\u0e23\u0e23\u0e04\u0e4c","e_Username":"skj02","e_Password":"$2y$10$NOA8eaVIkbusZENy7SbrveRVrGDc0RoskEhI5FErcOVJwuzPPesLC"}
INFO - 2025-09-18 09:55:53 --> Session: Class initialized using 'CodeIgniter\Session\Handlers\FileHandler' driver.
DEBUG - 2025-09-18 09:55:53 --> Attempting to save PA evaluation for personId: pers_004
DEBUG - 2025-09-18 09:55:53 --> Person ID pers_004 exists in tb_personnel: true
INFO - 2025-09-18 09:56:01 --> Session: Class initialized using 'CodeIgniter\Session\Handlers\FileHandler' driver.
DEBUG - 2025-09-18 09:56:01 --> Evaluator ID from session: e68ca971133bec
DEBUG - 2025-09-18 09:56:01 --> Evaluator data fetched: {"e_id":"e68ca971133bec","e_first_name":"\u0e19\u0e32\u0e22\u0e1b\u0e34\u0e22\u0e30  ","e_last_name":"\u0e2d\u0e48\u0e33\u0e2a\u0e38\u0e1e\u0e23\u0e23\u0e13","e_position":"\u0e04\u0e23\u0e39","e_academic_standing":"\u0e04\u0e23\u0e39\u0e0a\u0e33\u0e19\u0e32\u0e0d\u0e01\u0e32\u0e23\u0e1e\u0e34\u0e40\u0e28\u0e29","e_organization":"\u0e42\u0e23\u0e07\u0e40\u0e23\u0e35\u0e22\u0e19\u0e2a\u0e15\u0e23\u0e35\u0e19\u0e04\u0e23\u0e2a\u0e27\u0e23\u0e23\u0e04\u0e4c","e_Username":"skj02","e_Password":"$2y$10$NOA8eaVIkbusZENy7SbrveRVrGDc0RoskEhI5FErcOVJwuzPPesLC"}
INFO - 2025-09-18 10:00:11 --> Session: Class initialized using 'CodeIgniter\Session\Handlers\FileHandler' driver.
DEBUG - 2025-09-18 10:00:11 --> Evaluator ID from session: e68ca971133bec
DEBUG - 2025-09-18 10:00:11 --> Evaluator data fetched: {"e_id":"e68ca971133bec","e_first_name":"\u0e19\u0e32\u0e22\u0e1b\u0e34\u0e22\u0e30  ","e_last_name":"\u0e2d\u0e48\u0e33\u0e2a\u0e38\u0e1e\u0e23\u0e23\u0e13","e_position":"\u0e04\u0e23\u0e39","e_academic_standing":"\u0e04\u0e23\u0e39\u0e0a\u0e33\u0e19\u0e32\u0e0d\u0e01\u0e32\u0e23\u0e1e\u0e34\u0e40\u0e28\u0e29","e_organization":"\u0e42\u0e23\u0e07\u0e40\u0e23\u0e35\u0e22\u0e19\u0e2a\u0e15\u0e23\u0e35\u0e19\u0e04\u0e23\u0e2a\u0e27\u0e23\u0e23\u0e04\u0e4c","e_Username":"skj02","e_Password":"$2y$10$NOA8eaVIkbusZENy7SbrveRVrGDc0RoskEhI5FErcOVJwuzPPesLC"}
INFO - 2025-09-18 10:00:28 --> Session: Class initialized using 'CodeIgniter\Session\Handlers\FileHandler' driver.
DEBUG - 2025-09-18 10:00:28 --> Attempting to save PA evaluation for personId: pers_004
DEBUG - 2025-09-18 10:00:28 --> Person ID pers_004 exists in tb_personnel: true
INFO - 2025-09-18 10:00:33 --> Session: Class initialized using 'CodeIgniter\Session\Handlers\FileHandler' driver.
DEBUG - 2025-09-18 10:00:33 --> Evaluator ID from session: e68ca971133bec
DEBUG - 2025-09-18 10:00:33 --> Evaluator data fetched: {"e_id":"e68ca971133bec","e_first_name":"\u0e19\u0e32\u0e22\u0e1b\u0e34\u0e22\u0e30  ","e_last_name":"\u0e2d\u0e48\u0e33\u0e2a\u0e38\u0e1e\u0e23\u0e23\u0e13","e_position":"\u0e04\u0e23\u0e39","e_academic_standing":"\u0e04\u0e23\u0e39\u0e0a\u0e33\u0e19\u0e32\u0e0d\u0e01\u0e32\u0e23\u0e1e\u0e34\u0e40\u0e28\u0e29","e_organization":"\u0e42\u0e23\u0e07\u0e40\u0e23\u0e35\u0e22\u0e19\u0e2a\u0e15\u0e23\u0e35\u0e19\u0e04\u0e23\u0e2a\u0e27\u0e23\u0e23\u0e04\u0e4c","e_Username":"skj02","e_Password":"$2y$10$NOA8eaVIkbusZENy7SbrveRVrGDc0RoskEhI5FErcOVJwuzPPesLC"}
INFO - 2025-09-18 10:00:38 --> Session: Class initialized using 'CodeIgniter\Session\Handlers\FileHandler' driver.
DEBUG - 2025-09-18 10:00:38 --> Evaluator ID from session: e68ca971133bec
DEBUG - 2025-09-18 10:00:38 --> Evaluator data fetched: {"e_id":"e68ca971133bec","e_first_name":"\u0e19\u0e32\u0e22\u0e1b\u0e34\u0e22\u0e30  ","e_last_name":"\u0e2d\u0e48\u0e33\u0e2a\u0e38\u0e1e\u0e23\u0e23\u0e13","e_position":"\u0e04\u0e23\u0e39","e_academic_standing":"\u0e04\u0e23\u0e39\u0e0a\u0e33\u0e19\u0e32\u0e0d\u0e01\u0e32\u0e23\u0e1e\u0e34\u0e40\u0e28\u0e29","e_organization":"\u0e42\u0e23\u0e07\u0e40\u0e23\u0e35\u0e22\u0e19\u0e2a\u0e15\u0e23\u0e35\u0e19\u0e04\u0e23\u0e2a\u0e27\u0e23\u0e23\u0e04\u0e4c","e_Username":"skj02","e_Password":"$2y$10$NOA8eaVIkbusZENy7SbrveRVrGDc0RoskEhI5FErcOVJwuzPPesLC"}
INFO - 2025-09-18 10:00:40 --> Session: Class initialized using 'CodeIgniter\Session\Handlers\FileHandler' driver.
INFO - 2025-09-18 10:00:40 --> Session: Class initialized using 'CodeIgniter\Session\Handlers\FileHandler' driver.
INFO - 2025-09-18 10:00:43 --> Session: Class initialized using 'CodeIgniter\Session\Handlers\FileHandler' driver.
DEBUG - 2025-09-18 10:00:43 --> Evaluator ID from session: e68ca971133bec
DEBUG - 2025-09-18 10:00:43 --> Evaluator data fetched: {"e_id":"e68ca971133bec","e_first_name":"\u0e19\u0e32\u0e22\u0e1b\u0e34\u0e22\u0e30  ","e_last_name":"\u0e2d\u0e48\u0e33\u0e2a\u0e38\u0e1e\u0e23\u0e23\u0e13","e_position":"\u0e04\u0e23\u0e39","e_academic_standing":"\u0e04\u0e23\u0e39\u0e0a\u0e33\u0e19\u0e32\u0e0d\u0e01\u0e32\u0e23\u0e1e\u0e34\u0e40\u0e28\u0e29","e_organization":"\u0e42\u0e23\u0e07\u0e40\u0e23\u0e35\u0e22\u0e19\u0e2a\u0e15\u0e23\u0e35\u0e19\u0e04\u0e23\u0e2a\u0e27\u0e23\u0e23\u0e04\u0e4c","e_Username":"skj02","e_Password":"$2y$10$NOA8eaVIkbusZENy7SbrveRVrGDc0RoskEhI5FErcOVJwuzPPesLC"}
INFO - 2025-09-18 10:01:07 --> Session: Class initialized using 'CodeIgniter\Session\Handlers\FileHandler' driver.
DEBUG - 2025-09-18 10:01:07 --> Evaluator ID from session: e68ca971133bec
DEBUG - 2025-09-18 10:01:07 --> Evaluator data fetched: {"e_id":"e68ca971133bec","e_first_name":"\u0e19\u0e32\u0e22\u0e1b\u0e34\u0e22\u0e30  ","e_last_name":"\u0e2d\u0e48\u0e33\u0e2a\u0e38\u0e1e\u0e23\u0e23\u0e13","e_position":"\u0e04\u0e23\u0e39","e_academic_standing":"\u0e04\u0e23\u0e39\u0e0a\u0e33\u0e19\u0e32\u0e0d\u0e01\u0e32\u0e23\u0e1e\u0e34\u0e40\u0e28\u0e29","e_organization":"\u0e42\u0e23\u0e07\u0e40\u0e23\u0e35\u0e22\u0e19\u0e2a\u0e15\u0e23\u0e35\u0e19\u0e04\u0e23\u0e2a\u0e27\u0e23\u0e23\u0e04\u0e4c","e_Username":"skj02","e_Password":"$2y$10$NOA8eaVIkbusZENy7SbrveRVrGDc0RoskEhI5FErcOVJwuzPPesLC"}
INFO - 2025-09-18 10:02:54 --> Session: Class initialized using 'CodeIgniter\Session\Handlers\FileHandler' driver.
INFO - 2025-09-18 10:02:54 --> Session: Class initialized using 'CodeIgniter\Session\Handlers\FileHandler' driver.
INFO - 2025-09-18 10:02:58 --> Session: Class initialized using 'CodeIgniter\Session\Handlers\FileHandler' driver.
DEBUG - 2025-09-18 10:02:58 --> Evaluator ID from session: e68ca971133bec
DEBUG - 2025-09-18 10:02:58 --> Evaluator data fetched: {"e_id":"e68ca971133bec","e_first_name":"\u0e19\u0e32\u0e22\u0e1b\u0e34\u0e22\u0e30  ","e_last_name":"\u0e2d\u0e48\u0e33\u0e2a\u0e38\u0e1e\u0e23\u0e23\u0e13","e_position":"\u0e04\u0e23\u0e39","e_academic_standing":"\u0e04\u0e23\u0e39\u0e0a\u0e33\u0e19\u0e32\u0e0d\u0e01\u0e32\u0e23\u0e1e\u0e34\u0e40\u0e28\u0e29","e_organization":"\u0e42\u0e23\u0e07\u0e40\u0e23\u0e35\u0e22\u0e19\u0e2a\u0e15\u0e23\u0e35\u0e19\u0e04\u0e23\u0e2a\u0e27\u0e23\u0e23\u0e04\u0e4c","e_Username":"skj02","e_Password":"$2y$10$NOA8eaVIkbusZENy7SbrveRVrGDc0RoskEhI5FErcOVJwuzPPesLC"}
INFO - 2025-09-18 10:03:14 --> Session: Class initialized using 'CodeIgniter\Session\Handlers\FileHandler' driver.
DEBUG - 2025-09-18 10:03:14 --> Attempting to save PA evaluation for personId: pers_005
DEBUG - 2025-09-18 10:03:14 --> Person ID pers_005 exists in tb_personnel: true
INFO - 2025-09-18 10:03:18 --> Session: Class initialized using 'CodeIgniter\Session\Handlers\FileHandler' driver.
DEBUG - 2025-09-18 10:03:18 --> Evaluator ID from session: e68ca971133bec
DEBUG - 2025-09-18 10:03:18 --> Evaluator data fetched: {"e_id":"e68ca971133bec","e_first_name":"\u0e19\u0e32\u0e22\u0e1b\u0e34\u0e22\u0e30  ","e_last_name":"\u0e2d\u0e48\u0e33\u0e2a\u0e38\u0e1e\u0e23\u0e23\u0e13","e_position":"\u0e04\u0e23\u0e39","e_academic_standing":"\u0e04\u0e23\u0e39\u0e0a\u0e33\u0e19\u0e32\u0e0d\u0e01\u0e32\u0e23\u0e1e\u0e34\u0e40\u0e28\u0e29","e_organization":"\u0e42\u0e23\u0e07\u0e40\u0e23\u0e35\u0e22\u0e19\u0e2a\u0e15\u0e23\u0e35\u0e19\u0e04\u0e23\u0e2a\u0e27\u0e23\u0e23\u0e04\u0e4c","e_Username":"skj02","e_Password":"$2y$10$NOA8eaVIkbusZENy7SbrveRVrGDc0RoskEhI5FErcOVJwuzPPesLC"}
INFO - 2025-09-18 10:04:32 --> Session: Class initialized using 'CodeIgniter\Session\Handlers\FileHandler' driver.
DEBUG - 2025-09-18 10:04:32 --> Evaluator ID from session: e68ca971133bec
DEBUG - 2025-09-18 10:04:32 --> Evaluator data fetched: {"e_id":"e68ca971133bec","e_first_name":"\u0e19\u0e32\u0e22\u0e1b\u0e34\u0e22\u0e30  ","e_last_name":"\u0e2d\u0e48\u0e33\u0e2a\u0e38\u0e1e\u0e23\u0e23\u0e13","e_position":"\u0e04\u0e23\u0e39","e_academic_standing":"\u0e04\u0e23\u0e39\u0e0a\u0e33\u0e19\u0e32\u0e0d\u0e01\u0e32\u0e23\u0e1e\u0e34\u0e40\u0e28\u0e29","e_organization":"\u0e42\u0e23\u0e07\u0e40\u0e23\u0e35\u0e22\u0e19\u0e2a\u0e15\u0e23\u0e35\u0e19\u0e04\u0e23\u0e2a\u0e27\u0e23\u0e23\u0e04\u0e4c","e_Username":"skj02","e_Password":"$2y$10$NOA8eaVIkbusZENy7SbrveRVrGDc0RoskEhI5FErcOVJwuzPPesLC"}
INFO - 2025-09-18 10:04:36 --> Session: Class initialized using 'CodeIgniter\Session\Handlers\FileHandler' driver.
INFO - 2025-09-18 10:04:36 --> Session: Class initialized using 'CodeIgniter\Session\Handlers\FileHandler' driver.
INFO - 2025-09-18 10:04:38 --> Session: Class initialized using 'CodeIgniter\Session\Handlers\FileHandler' driver.
DEBUG - 2025-09-18 10:04:38 --> Evaluator ID from session: e68ca971133bec
DEBUG - 2025-09-18 10:04:38 --> Evaluator data fetched: {"e_id":"e68ca971133bec","e_first_name":"\u0e19\u0e32\u0e22\u0e1b\u0e34\u0e22\u0e30  ","e_last_name":"\u0e2d\u0e48\u0e33\u0e2a\u0e38\u0e1e\u0e23\u0e23\u0e13","e_position":"\u0e04\u0e23\u0e39","e_academic_standing":"\u0e04\u0e23\u0e39\u0e0a\u0e33\u0e19\u0e32\u0e0d\u0e01\u0e32\u0e23\u0e1e\u0e34\u0e40\u0e28\u0e29","e_organization":"\u0e42\u0e23\u0e07\u0e40\u0e23\u0e35\u0e22\u0e19\u0e2a\u0e15\u0e23\u0e35\u0e19\u0e04\u0e23\u0e2a\u0e27\u0e23\u0e23\u0e04\u0e4c","e_Username":"skj02","e_Password":"$2y$10$NOA8eaVIkbusZENy7SbrveRVrGDc0RoskEhI5FErcOVJwuzPPesLC"}
INFO - 2025-09-18 10:06:05 --> Session: Class initialized using 'CodeIgniter\Session\Handlers\FileHandler' driver.
INFO - 2025-09-18 10:06:05 --> Session: Class initialized using 'CodeIgniter\Session\Handlers\FileHandler' driver.
INFO - 2025-09-18 10:06:06 --> Session: Class initialized using 'CodeIgniter\Session\Handlers\FileHandler' driver.
DEBUG - 2025-09-18 10:06:06 --> Evaluator ID from session: e68ca971133bec
DEBUG - 2025-09-18 10:06:06 --> Evaluator data fetched: {"e_id":"e68ca971133bec","e_first_name":"\u0e19\u0e32\u0e22\u0e1b\u0e34\u0e22\u0e30  ","e_last_name":"\u0e2d\u0e48\u0e33\u0e2a\u0e38\u0e1e\u0e23\u0e23\u0e13","e_position":"\u0e04\u0e23\u0e39","e_academic_standing":"\u0e04\u0e23\u0e39\u0e0a\u0e33\u0e19\u0e32\u0e0d\u0e01\u0e32\u0e23\u0e1e\u0e34\u0e40\u0e28\u0e29","e_organization":"\u0e42\u0e23\u0e07\u0e40\u0e23\u0e35\u0e22\u0e19\u0e2a\u0e15\u0e23\u0e35\u0e19\u0e04\u0e23\u0e2a\u0e27\u0e23\u0e23\u0e04\u0e4c","e_Username":"skj02","e_Password":"$2y$10$NOA8eaVIkbusZENy7SbrveRVrGDc0RoskEhI5FErcOVJwuzPPesLC"}
INFO - 2025-09-18 10:06:27 --> Session: Class initialized using 'CodeIgniter\Session\Handlers\FileHandler' driver.
INFO - 2025-09-18 10:06:27 --> Session: Class initialized using 'CodeIgniter\Session\Handlers\FileHandler' driver.
INFO - 2025-09-18 10:06:28 --> Session: Class initialized using 'CodeIgniter\Session\Handlers\FileHandler' driver.
DEBUG - 2025-09-18 10:06:28 --> Evaluator ID from session: e68ca971133bec
DEBUG - 2025-09-18 10:06:28 --> Evaluator data fetched: {"e_id":"e68ca971133bec","e_first_name":"\u0e19\u0e32\u0e22\u0e1b\u0e34\u0e22\u0e30  ","e_last_name":"\u0e2d\u0e48\u0e33\u0e2a\u0e38\u0e1e\u0e23\u0e23\u0e13","e_position":"\u0e04\u0e23\u0e39","e_academic_standing":"\u0e04\u0e23\u0e39\u0e0a\u0e33\u0e19\u0e32\u0e0d\u0e01\u0e32\u0e23\u0e1e\u0e34\u0e40\u0e28\u0e29","e_organization":"\u0e42\u0e23\u0e07\u0e40\u0e23\u0e35\u0e22\u0e19\u0e2a\u0e15\u0e23\u0e35\u0e19\u0e04\u0e23\u0e2a\u0e27\u0e23\u0e23\u0e04\u0e4c","e_Username":"skj02","e_Password":"$2y$10$NOA8eaVIkbusZENy7SbrveRVrGDc0RoskEhI5FErcOVJwuzPPesLC"}
INFO - 2025-09-18 10:06:36 --> Session: Class initialized using 'CodeIgniter\Session\Handlers\FileHandler' driver.
INFO - 2025-09-18 10:06:36 --> Session: Class initialized using 'CodeIgniter\Session\Handlers\FileHandler' driver.
INFO - 2025-09-18 10:08:30 --> Session: Class initialized using 'CodeIgniter\Session\Handlers\FileHandler' driver.
INFO - 2025-09-18 10:08:37 --> Session: Class initialized using 'CodeIgniter\Session\Handlers\FileHandler' driver.
DEBUG - 2025-09-18 10:08:37 --> Evaluator ID from session: e68ca971133bec
DEBUG - 2025-09-18 10:08:37 --> Evaluator data fetched: {"e_id":"e68ca971133bec","e_first_name":"\u0e19\u0e32\u0e22\u0e1b\u0e34\u0e22\u0e30  ","e_last_name":"\u0e2d\u0e48\u0e33\u0e2a\u0e38\u0e1e\u0e23\u0e23\u0e13","e_position":"\u0e04\u0e23\u0e39","e_academic_standing":"\u0e04\u0e23\u0e39\u0e0a\u0e33\u0e19\u0e32\u0e0d\u0e01\u0e32\u0e23\u0e1e\u0e34\u0e40\u0e28\u0e29","e_organization":"\u0e42\u0e23\u0e07\u0e40\u0e23\u0e35\u0e22\u0e19\u0e2a\u0e15\u0e23\u0e35\u0e19\u0e04\u0e23\u0e2a\u0e27\u0e23\u0e23\u0e04\u0e4c","e_Username":"skj02","e_Password":"$2y$10$NOA8eaVIkbusZENy7SbrveRVrGDc0RoskEhI5FErcOVJwuzPPesLC"}
INFO - 2025-09-18 10:08:46 --> Session: Class initialized using 'CodeIgniter\Session\Handlers\FileHandler' driver.
DEBUG - 2025-09-18 10:08:46 --> Evaluator ID from session: e68ca971133bec
DEBUG - 2025-09-18 10:08:46 --> Evaluator data fetched: {"e_id":"e68ca971133bec","e_first_name":"\u0e19\u0e32\u0e22\u0e1b\u0e34\u0e22\u0e30  ","e_last_name":"\u0e2d\u0e48\u0e33\u0e2a\u0e38\u0e1e\u0e23\u0e23\u0e13","e_position":"\u0e04\u0e23\u0e39","e_academic_standing":"\u0e04\u0e23\u0e39\u0e0a\u0e33\u0e19\u0e32\u0e0d\u0e01\u0e32\u0e23\u0e1e\u0e34\u0e40\u0e28\u0e29","e_organization":"\u0e42\u0e23\u0e07\u0e40\u0e23\u0e35\u0e22\u0e19\u0e2a\u0e15\u0e23\u0e35\u0e19\u0e04\u0e23\u0e2a\u0e27\u0e23\u0e23\u0e04\u0e4c","e_Username":"skj02","e_Password":"$2y$10$NOA8eaVIkbusZENy7SbrveRVrGDc0RoskEhI5FErcOVJwuzPPesLC"}
INFO - 2025-09-18 10:13:39 --> Session: Class initialized using 'CodeIgniter\Session\Handlers\FileHandler' driver.
INFO - 2025-09-18 10:14:02 --> Session: Class initialized using 'CodeIgniter\Session\Handlers\FileHandler' driver.
INFO - 2025-09-18 10:14:11 --> Session: Class initialized using 'CodeIgniter\Session\Handlers\FileHandler' driver.
INFO - 2025-09-18 10:14:28 --> Session: Class initialized using 'CodeIgniter\Session\Handlers\FileHandler' driver.
INFO - 2025-09-18 10:14:28 --> Session: Class initialized using 'CodeIgniter\Session\Handlers\FileHandler' driver.
INFO - 2025-09-18 10:14:34 --> Session: Class initialized using 'CodeIgniter\Session\Handlers\FileHandler' driver.
DEBUG - 2025-09-18 10:14:34 --> Evaluator ID from session: e68ca971133bec
DEBUG - 2025-09-18 10:14:34 --> Evaluator data fetched: {"e_id":"e68ca971133bec","e_first_name":"\u0e19\u0e32\u0e22\u0e1b\u0e34\u0e22\u0e30  ","e_last_name":"\u0e2d\u0e48\u0e33\u0e2a\u0e38\u0e1e\u0e23\u0e23\u0e13","e_position":"\u0e04\u0e23\u0e39","e_academic_standing":"\u0e04\u0e23\u0e39\u0e0a\u0e33\u0e19\u0e32\u0e0d\u0e01\u0e32\u0e23\u0e1e\u0e34\u0e40\u0e28\u0e29","e_organization":"\u0e42\u0e23\u0e07\u0e40\u0e23\u0e35\u0e22\u0e19\u0e2a\u0e15\u0e23\u0e35\u0e19\u0e04\u0e23\u0e2a\u0e27\u0e23\u0e23\u0e04\u0e4c","e_Username":"skj02","e_Password":"$2y$10$NOA8eaVIkbusZENy7SbrveRVrGDc0RoskEhI5FErcOVJwuzPPesLC"}
INFO - 2025-09-18 10:19:26 --> Session: Class initialized using 'CodeIgniter\Session\Handlers\FileHandler' driver.
DEBUG - 2025-09-18 10:19:26 --> Evaluator ID from session: e68ca971133bec
DEBUG - 2025-09-18 10:19:26 --> Evaluator data fetched: {"e_id":"e68ca971133bec","e_first_name":"\u0e19\u0e32\u0e22\u0e1b\u0e34\u0e22\u0e30  ","e_last_name":"\u0e2d\u0e48\u0e33\u0e2a\u0e38\u0e1e\u0e23\u0e23\u0e13","e_position":"\u0e04\u0e23\u0e39","e_academic_standing":"\u0e04\u0e23\u0e39\u0e0a\u0e33\u0e19\u0e32\u0e0d\u0e01\u0e32\u0e23\u0e1e\u0e34\u0e40\u0e28\u0e29","e_organization":"\u0e42\u0e23\u0e07\u0e40\u0e23\u0e35\u0e22\u0e19\u0e2a\u0e15\u0e23\u0e35\u0e19\u0e04\u0e23\u0e2a\u0e27\u0e23\u0e23\u0e04\u0e4c","e_Username":"skj02","e_Password":"$2y$10$NOA8eaVIkbusZENy7SbrveRVrGDc0RoskEhI5FErcOVJwuzPPesLC"}
INFO - 2025-09-18 10:19:35 --> Session: Class initialized using 'CodeIgniter\Session\Handlers\FileHandler' driver.
INFO - 2025-09-18 10:19:35 --> Session: Class initialized using 'CodeIgniter\Session\Handlers\FileHandler' driver.
INFO - 2025-09-18 10:19:37 --> Session: Class initialized using 'CodeIgniter\Session\Handlers\FileHandler' driver.
DEBUG - 2025-09-18 10:19:37 --> Evaluator ID from session: e68ca971133bec
DEBUG - 2025-09-18 10:19:37 --> Evaluator data fetched: {"e_id":"e68ca971133bec","e_first_name":"\u0e19\u0e32\u0e22\u0e1b\u0e34\u0e22\u0e30  ","e_last_name":"\u0e2d\u0e48\u0e33\u0e2a\u0e38\u0e1e\u0e23\u0e23\u0e13","e_position":"\u0e04\u0e23\u0e39","e_academic_standing":"\u0e04\u0e23\u0e39\u0e0a\u0e33\u0e19\u0e32\u0e0d\u0e01\u0e32\u0e23\u0e1e\u0e34\u0e40\u0e28\u0e29","e_organization":"\u0e42\u0e23\u0e07\u0e40\u0e23\u0e35\u0e22\u0e19\u0e2a\u0e15\u0e23\u0e35\u0e19\u0e04\u0e23\u0e2a\u0e27\u0e23\u0e23\u0e04\u0e4c","e_Username":"skj02","e_Password":"$2y$10$NOA8eaVIkbusZENy7SbrveRVrGDc0RoskEhI5FErcOVJwuzPPesLC"}
INFO - 2025-09-18 10:19:39 --> Session: Class initialized using 'CodeIgniter\Session\Handlers\FileHandler' driver.
INFO - 2025-09-18 10:19:39 --> Session: Class initialized using 'CodeIgniter\Session\Handlers\FileHandler' driver.
INFO - 2025-09-18 10:19:41 --> Session: Class initialized using 'CodeIgniter\Session\Handlers\FileHandler' driver.
DEBUG - 2025-09-18 10:19:41 --> Evaluator ID from session: e68ca971133bec
DEBUG - 2025-09-18 10:19:41 --> Evaluator data fetched: {"e_id":"e68ca971133bec","e_first_name":"\u0e19\u0e32\u0e22\u0e1b\u0e34\u0e22\u0e30  ","e_last_name":"\u0e2d\u0e48\u0e33\u0e2a\u0e38\u0e1e\u0e23\u0e23\u0e13","e_position":"\u0e04\u0e23\u0e39","e_academic_standing":"\u0e04\u0e23\u0e39\u0e0a\u0e33\u0e19\u0e32\u0e0d\u0e01\u0e32\u0e23\u0e1e\u0e34\u0e40\u0e28\u0e29","e_organization":"\u0e42\u0e23\u0e07\u0e40\u0e23\u0e35\u0e22\u0e19\u0e2a\u0e15\u0e23\u0e35\u0e19\u0e04\u0e23\u0e2a\u0e27\u0e23\u0e23\u0e04\u0e4c","e_Username":"skj02","e_Password":"$2y$10$NOA8eaVIkbusZENy7SbrveRVrGDc0RoskEhI5FErcOVJwuzPPesLC"}
INFO - 2025-09-18 10:20:28 --> Session: Class initialized using 'CodeIgniter\Session\Handlers\FileHandler' driver.
DEBUG - 2025-09-18 10:20:28 --> Evaluator ID from session: e68ca971133bec
DEBUG - 2025-09-18 10:20:28 --> Evaluator data fetched: {"e_id":"e68ca971133bec","e_first_name":"\u0e19\u0e32\u0e22\u0e1b\u0e34\u0e22\u0e30  ","e_last_name":"\u0e2d\u0e48\u0e33\u0e2a\u0e38\u0e1e\u0e23\u0e23\u0e13","e_position":"\u0e04\u0e23\u0e39","e_academic_standing":"\u0e04\u0e23\u0e39\u0e0a\u0e33\u0e19\u0e32\u0e0d\u0e01\u0e32\u0e23\u0e1e\u0e34\u0e40\u0e28\u0e29","e_organization":"\u0e42\u0e23\u0e07\u0e40\u0e23\u0e35\u0e22\u0e19\u0e2a\u0e15\u0e23\u0e35\u0e19\u0e04\u0e23\u0e2a\u0e27\u0e23\u0e23\u0e04\u0e4c","e_Username":"skj02","e_Password":"$2y$10$NOA8eaVIkbusZENy7SbrveRVrGDc0RoskEhI5FErcOVJwuzPPesLC"}
INFO - 2025-09-18 10:20:31 --> Session: Class initialized using 'CodeIgniter\Session\Handlers\FileHandler' driver.
INFO - 2025-09-18 10:20:31 --> Session: Class initialized using 'CodeIgniter\Session\Handlers\FileHandler' driver.
INFO - 2025-09-18 10:20:32 --> Session: Class initialized using 'CodeIgniter\Session\Handlers\FileHandler' driver.
DEBUG - 2025-09-18 10:20:32 --> Evaluator ID from session: e68ca971133bec
DEBUG - 2025-09-18 10:20:32 --> Evaluator data fetched: {"e_id":"e68ca971133bec","e_first_name":"\u0e19\u0e32\u0e22\u0e1b\u0e34\u0e22\u0e30  ","e_last_name":"\u0e2d\u0e48\u0e33\u0e2a\u0e38\u0e1e\u0e23\u0e23\u0e13","e_position":"\u0e04\u0e23\u0e39","e_academic_standing":"\u0e04\u0e23\u0e39\u0e0a\u0e33\u0e19\u0e32\u0e0d\u0e01\u0e32\u0e23\u0e1e\u0e34\u0e40\u0e28\u0e29","e_organization":"\u0e42\u0e23\u0e07\u0e40\u0e23\u0e35\u0e22\u0e19\u0e2a\u0e15\u0e23\u0e35\u0e19\u0e04\u0e23\u0e2a\u0e27\u0e23\u0e23\u0e04\u0e4c","e_Username":"skj02","e_Password":"$2y$10$NOA8eaVIkbusZENy7SbrveRVrGDc0RoskEhI5FErcOVJwuzPPesLC"}
INFO - 2025-09-18 10:20:41 --> Session: Class initialized using 'CodeIgniter\Session\Handlers\FileHandler' driver.
INFO - 2025-09-18 10:20:41 --> Session: Class initialized using 'CodeIgniter\Session\Handlers\FileHandler' driver.
INFO - 2025-09-18 10:20:43 --> Session: Class initialized using 'CodeIgniter\Session\Handlers\FileHandler' driver.
DEBUG - 2025-09-18 10:20:43 --> Evaluator ID from session: e68ca971133bec
DEBUG - 2025-09-18 10:20:43 --> Evaluator data fetched: {"e_id":"e68ca971133bec","e_first_name":"\u0e19\u0e32\u0e22\u0e1b\u0e34\u0e22\u0e30  ","e_last_name":"\u0e2d\u0e48\u0e33\u0e2a\u0e38\u0e1e\u0e23\u0e23\u0e13","e_position":"\u0e04\u0e23\u0e39","e_academic_standing":"\u0e04\u0e23\u0e39\u0e0a\u0e33\u0e19\u0e32\u0e0d\u0e01\u0e32\u0e23\u0e1e\u0e34\u0e40\u0e28\u0e29","e_organization":"\u0e42\u0e23\u0e07\u0e40\u0e23\u0e35\u0e22\u0e19\u0e2a\u0e15\u0e23\u0e35\u0e19\u0e04\u0e23\u0e2a\u0e27\u0e23\u0e23\u0e04\u0e4c","e_Username":"skj02","e_Password":"$2y$10$NOA8eaVIkbusZENy7SbrveRVrGDc0RoskEhI5FErcOVJwuzPPesLC"}
INFO - 2025-09-18 10:20:49 --> Session: Class initialized using 'CodeIgniter\Session\Handlers\FileHandler' driver.
INFO - 2025-09-18 10:20:49 --> Session: Class initialized using 'CodeIgniter\Session\Handlers\FileHandler' driver.
INFO - 2025-09-18 10:20:51 --> Session: Class initialized using 'CodeIgniter\Session\Handlers\FileHandler' driver.
DEBUG - 2025-09-18 10:20:51 --> Evaluator ID from session: e68ca971133bec
DEBUG - 2025-09-18 10:20:51 --> Evaluator data fetched: {"e_id":"e68ca971133bec","e_first_name":"\u0e19\u0e32\u0e22\u0e1b\u0e34\u0e22\u0e30  ","e_last_name":"\u0e2d\u0e48\u0e33\u0e2a\u0e38\u0e1e\u0e23\u0e23\u0e13","e_position":"\u0e04\u0e23\u0e39","e_academic_standing":"\u0e04\u0e23\u0e39\u0e0a\u0e33\u0e19\u0e32\u0e0d\u0e01\u0e32\u0e23\u0e1e\u0e34\u0e40\u0e28\u0e29","e_organization":"\u0e42\u0e23\u0e07\u0e40\u0e23\u0e35\u0e22\u0e19\u0e2a\u0e15\u0e23\u0e35\u0e19\u0e04\u0e23\u0e2a\u0e27\u0e23\u0e23\u0e04\u0e4c","e_Username":"skj02","e_Password":"$2y$10$NOA8eaVIkbusZENy7SbrveRVrGDc0RoskEhI5FErcOVJwuzPPesLC"}
INFO - 2025-09-18 10:20:55 --> Session: Class initialized using 'CodeIgniter\Session\Handlers\FileHandler' driver.
INFO - 2025-09-18 10:20:55 --> Session: Class initialized using 'CodeIgniter\Session\Handlers\FileHandler' driver.
INFO - 2025-09-18 10:21:51 --> Session: Class initialized using 'CodeIgniter\Session\Handlers\FileHandler' driver.
INFO - 2025-09-18 10:22:35 --> Session: Class initialized using 'CodeIgniter\Session\Handlers\FileHandler' driver.
DEBUG - 2025-09-18 10:22:35 --> Evaluator ID from session: e68ca971133bec
DEBUG - 2025-09-18 10:22:35 --> Evaluator data fetched: {"e_id":"e68ca971133bec","e_first_name":"\u0e19\u0e32\u0e22\u0e1b\u0e34\u0e22\u0e30  ","e_last_name":"\u0e2d\u0e48\u0e33\u0e2a\u0e38\u0e1e\u0e23\u0e23\u0e13","e_position":"\u0e04\u0e23\u0e39","e_academic_standing":"\u0e04\u0e23\u0e39\u0e0a\u0e33\u0e19\u0e32\u0e0d\u0e01\u0e32\u0e23\u0e1e\u0e34\u0e40\u0e28\u0e29","e_organization":"\u0e42\u0e23\u0e07\u0e40\u0e23\u0e35\u0e22\u0e19\u0e2a\u0e15\u0e23\u0e35\u0e19\u0e04\u0e23\u0e2a\u0e27\u0e23\u0e23\u0e04\u0e4c","e_Username":"skj02","e_Password":"$2y$10$NOA8eaVIkbusZENy7SbrveRVrGDc0RoskEhI5FErcOVJwuzPPesLC"}
INFO - 2025-09-18 10:23:12 --> Session: Class initialized using 'CodeIgniter\Session\Handlers\FileHandler' driver.
INFO - 2025-09-18 10:23:14 --> Session: Class initialized using 'CodeIgniter\Session\Handlers\FileHandler' driver.
INFO - 2025-09-18 10:23:16 --> Session: Class initialized using 'CodeIgniter\Session\Handlers\FileHandler' driver.
INFO - 2025-09-18 10:23:17 --> Session: Class initialized using 'CodeIgniter\Session\Handlers\FileHandler' driver.
INFO - 2025-09-18 10:23:19 --> Session: Class initialized using 'CodeIgniter\Session\Handlers\FileHandler' driver.
INFO - 2025-09-18 10:23:20 --> Session: Class initialized using 'CodeIgniter\Session\Handlers\FileHandler' driver.
INFO - 2025-09-18 10:23:22 --> Session: Class initialized using 'CodeIgniter\Session\Handlers\FileHandler' driver.
INFO - 2025-09-18 10:23:22 --> Session: Class initialized using 'CodeIgniter\Session\Handlers\FileHandler' driver.
INFO - 2025-09-18 10:23:29 --> Session: Class initialized using 'CodeIgniter\Session\Handlers\FileHandler' driver.
INFO - 2025-09-18 10:23:33 --> Session: Class initialized using 'CodeIgniter\Session\Handlers\FileHandler' driver.
INFO - 2025-09-18 10:23:50 --> Session: Class initialized using 'CodeIgniter\Session\Handlers\FileHandler' driver.
INFO - 2025-09-18 10:24:04 --> Session: Class initialized using 'CodeIgniter\Session\Handlers\FileHandler' driver.
INFO - 2025-09-18 10:24:06 --> Session: Class initialized using 'CodeIgniter\Session\Handlers\FileHandler' driver.
INFO - 2025-09-18 10:24:53 --> Session: Class initialized using 'CodeIgniter\Session\Handlers\FileHandler' driver.
INFO - 2025-09-18 10:27:08 --> Session: Class initialized using 'CodeIgniter\Session\Handlers\FileHandler' driver.
INFO - 2025-09-18 10:27:12 --> Session: Class initialized using 'CodeIgniter\Session\Handlers\FileHandler' driver.
INFO - 2025-09-18 10:31:50 --> Session: Class initialized using 'CodeIgniter\Session\Handlers\FileHandler' driver.
INFO - 2025-09-18 10:32:20 --> Session: Class initialized using 'CodeIgniter\Session\Handlers\FileHandler' driver.
INFO - 2025-09-18 10:37:14 --> Session: Class initialized using 'CodeIgniter\Session\Handlers\FileHandler' driver.
INFO - 2025-09-18 10:37:15 --> Session: Class initialized using 'CodeIgniter\Session\Handlers\FileHandler' driver.
INFO - 2025-09-18 10:39:45 --> Session: Class initialized using 'CodeIgniter\Session\Handlers\FileHandler' driver.
INFO - 2025-09-18 10:40:59 --> Session: Class initialized using 'CodeIgniter\Session\Handlers\FileHandler' driver.
INFO - 2025-09-18 10:41:23 --> Session: Class initialized using 'CodeIgniter\Session\Handlers\FileHandler' driver.
INFO - 2025-09-18 10:41:32 --> Session: Class initialized using 'CodeIgniter\Session\Handlers\FileHandler' driver.
INFO - 2025-09-18 10:42:10 --> Session: Class initialized using 'CodeIgniter\Session\Handlers\FileHandler' driver.
INFO - 2025-09-18 10:42:37 --> Session: Class initialized using 'CodeIgniter\Session\Handlers\FileHandler' driver.
INFO - 2025-09-18 10:42:44 --> Session: Class initialized using 'CodeIgniter\Session\Handlers\FileHandler' driver.
INFO - 2025-09-18 10:43:23 --> Session: Class initialized using 'CodeIgniter\Session\Handlers\FileHandler' driver.
INFO - 2025-09-18 10:43:52 --> Session: Class initialized using 'CodeIgniter\Session\Handlers\FileHandler' driver.
INFO - 2025-09-18 10:43:54 --> Session: Class initialized using 'CodeIgniter\Session\Handlers\FileHandler' driver.
INFO - 2025-09-18 10:44:27 --> Session: Class initialized using 'CodeIgniter\Session\Handlers\FileHandler' driver.
INFO - 2025-09-18 10:44:28 --> Session: Class initialized using 'CodeIgniter\Session\Handlers\FileHandler' driver.
INFO - 2025-09-18 10:44:43 --> Session: Class initialized using 'CodeIgniter\Session\Handlers\FileHandler' driver.
DEBUG - 2025-09-18 10:44:43 --> Evaluator ID from session: e68ca971133bec
DEBUG - 2025-09-18 10:44:43 --> Evaluator data fetched: {"e_id":"e68ca971133bec","e_first_name":"\u0e19\u0e32\u0e22\u0e1b\u0e34\u0e22\u0e30  ","e_last_name":"\u0e2d\u0e48\u0e33\u0e2a\u0e38\u0e1e\u0e23\u0e23\u0e13","e_position":"\u0e04\u0e23\u0e39","e_academic_standing":"\u0e04\u0e23\u0e39\u0e0a\u0e33\u0e19\u0e32\u0e0d\u0e01\u0e32\u0e23\u0e1e\u0e34\u0e40\u0e28\u0e29","e_organization":"\u0e42\u0e23\u0e07\u0e40\u0e23\u0e35\u0e22\u0e19\u0e2a\u0e15\u0e23\u0e35\u0e19\u0e04\u0e23\u0e2a\u0e27\u0e23\u0e23\u0e04\u0e4c","e_Username":"skj02","e_Password":"$2y$10$NOA8eaVIkbusZENy7SbrveRVrGDc0RoskEhI5FErcOVJwuzPPesLC"}
INFO - 2025-09-18 10:44:52 --> Session: Class initialized using 'CodeIgniter\Session\Handlers\FileHandler' driver.
INFO - 2025-09-18 10:44:52 --> Session: Class initialized using 'CodeIgniter\Session\Handlers\FileHandler' driver.
INFO - 2025-09-18 10:44:54 --> Session: Class initialized using 'CodeIgniter\Session\Handlers\FileHandler' driver.
DEBUG - 2025-09-18 10:44:54 --> Evaluator ID from session: e68ca971133bec
DEBUG - 2025-09-18 10:44:54 --> Evaluator data fetched: {"e_id":"e68ca971133bec","e_first_name":"\u0e19\u0e32\u0e22\u0e1b\u0e34\u0e22\u0e30  ","e_last_name":"\u0e2d\u0e48\u0e33\u0e2a\u0e38\u0e1e\u0e23\u0e23\u0e13","e_position":"\u0e04\u0e23\u0e39","e_academic_standing":"\u0e04\u0e23\u0e39\u0e0a\u0e33\u0e19\u0e32\u0e0d\u0e01\u0e32\u0e23\u0e1e\u0e34\u0e40\u0e28\u0e29","e_organization":"\u0e42\u0e23\u0e07\u0e40\u0e23\u0e35\u0e22\u0e19\u0e2a\u0e15\u0e23\u0e35\u0e19\u0e04\u0e23\u0e2a\u0e27\u0e23\u0e23\u0e04\u0e4c","e_Username":"skj02","e_Password":"$2y$10$NOA8eaVIkbusZENy7SbrveRVrGDc0RoskEhI5FErcOVJwuzPPesLC"}
INFO - 2025-09-18 10:44:56 --> Session: Class initialized using 'CodeIgniter\Session\Handlers\FileHandler' driver.
INFO - 2025-09-18 10:44:56 --> Session: Class initialized using 'CodeIgniter\Session\Handlers\FileHandler' driver.
INFO - 2025-09-18 10:44:58 --> Session: Class initialized using 'CodeIgniter\Session\Handlers\FileHandler' driver.
DEBUG - 2025-09-18 10:44:58 --> Evaluator ID from session: e68ca971133bec
DEBUG - 2025-09-18 10:44:58 --> Evaluator data fetched: {"e_id":"e68ca971133bec","e_first_name":"\u0e19\u0e32\u0e22\u0e1b\u0e34\u0e22\u0e30  ","e_last_name":"\u0e2d\u0e48\u0e33\u0e2a\u0e38\u0e1e\u0e23\u0e23\u0e13","e_position":"\u0e04\u0e23\u0e39","e_academic_standing":"\u0e04\u0e23\u0e39\u0e0a\u0e33\u0e19\u0e32\u0e0d\u0e01\u0e32\u0e23\u0e1e\u0e34\u0e40\u0e28\u0e29","e_organization":"\u0e42\u0e23\u0e07\u0e40\u0e23\u0e35\u0e22\u0e19\u0e2a\u0e15\u0e23\u0e35\u0e19\u0e04\u0e23\u0e2a\u0e27\u0e23\u0e23\u0e04\u0e4c","e_Username":"skj02","e_Password":"$2y$10$NOA8eaVIkbusZENy7SbrveRVrGDc0RoskEhI5FErcOVJwuzPPesLC"}
INFO - 2025-09-18 10:45:58 --> Session: Class initialized using 'CodeIgniter\Session\Handlers\FileHandler' driver.
DEBUG - 2025-09-18 10:45:58 --> Evaluator ID from session: e68ca971133bec
DEBUG - 2025-09-18 10:45:58 --> Evaluator data fetched: {"e_id":"e68ca971133bec","e_first_name":"\u0e19\u0e32\u0e22\u0e1b\u0e34\u0e22\u0e30  ","e_last_name":"\u0e2d\u0e48\u0e33\u0e2a\u0e38\u0e1e\u0e23\u0e23\u0e13","e_position":"\u0e04\u0e23\u0e39","e_academic_standing":"\u0e04\u0e23\u0e39\u0e0a\u0e33\u0e19\u0e32\u0e0d\u0e01\u0e32\u0e23\u0e1e\u0e34\u0e40\u0e28\u0e29","e_organization":"\u0e42\u0e23\u0e07\u0e40\u0e23\u0e35\u0e22\u0e19\u0e2a\u0e15\u0e23\u0e35\u0e19\u0e04\u0e23\u0e2a\u0e27\u0e23\u0e23\u0e04\u0e4c","e_Username":"skj02","e_Password":"$2y$10$NOA8eaVIkbusZENy7SbrveRVrGDc0RoskEhI5FErcOVJwuzPPesLC"}
INFO - 2025-09-18 10:49:55 --> Session: Class initialized using 'CodeIgniter\Session\Handlers\FileHandler' driver.
INFO - 2025-09-18 10:51:19 --> Session: Class initialized using 'CodeIgniter\Session\Handlers\FileHandler' driver.
INFO - 2025-09-18 10:53:36 --> Session: Class initialized using 'CodeIgniter\Session\Handlers\FileHandler' driver.
INFO - 2025-09-18 10:53:42 --> Session: Class initialized using 'CodeIgniter\Session\Handlers\FileHandler' driver.
INFO - 2025-09-18 10:53:44 --> Session: Class initialized using 'CodeIgniter\Session\Handlers\FileHandler' driver.
INFO - 2025-09-18 10:54:01 --> Session: Class initialized using 'CodeIgniter\Session\Handlers\FileHandler' driver.
INFO - 2025-09-18 10:54:03 --> Session: Class initialized using 'CodeIgniter\Session\Handlers\FileHandler' driver.
INFO - 2025-09-18 10:56:31 --> Session: Class initialized using 'CodeIgniter\Session\Handlers\FileHandler' driver.
INFO - 2025-09-18 10:56:47 --> Session: Class initialized using 'CodeIgniter\Session\Handlers\FileHandler' driver.
DEBUG - 2025-09-18 10:56:47 --> Evaluator ID from session: e68ca971133bec
DEBUG - 2025-09-18 10:56:47 --> Evaluator data fetched: {"e_id":"e68ca971133bec","e_first_name":"\u0e19\u0e32\u0e22\u0e1b\u0e34\u0e22\u0e30  ","e_last_name":"\u0e2d\u0e48\u0e33\u0e2a\u0e38\u0e1e\u0e23\u0e23\u0e13","e_position":"\u0e04\u0e23\u0e39","e_academic_standing":"\u0e04\u0e23\u0e39\u0e0a\u0e33\u0e19\u0e32\u0e0d\u0e01\u0e32\u0e23\u0e1e\u0e34\u0e40\u0e28\u0e29","e_organization":"\u0e42\u0e23\u0e07\u0e40\u0e23\u0e35\u0e22\u0e19\u0e2a\u0e15\u0e23\u0e35\u0e19\u0e04\u0e23\u0e2a\u0e27\u0e23\u0e23\u0e04\u0e4c","e_Username":"skj02","e_Password":"$2y$10$NOA8eaVIkbusZENy7SbrveRVrGDc0RoskEhI5FErcOVJwuzPPesLC"}
INFO - 2025-09-18 10:56:54 --> Session: Class initialized using 'CodeIgniter\Session\Handlers\FileHandler' driver.
INFO - 2025-09-18 10:56:54 --> Session: Class initialized using 'CodeIgniter\Session\Handlers\FileHandler' driver.
INFO - 2025-09-18 10:56:55 --> Session: Class initialized using 'CodeIgniter\Session\Handlers\FileHandler' driver.
DEBUG - 2025-09-18 10:56:55 --> Evaluator ID from session: e68ca971133bec
DEBUG - 2025-09-18 10:56:55 --> Evaluator data fetched: {"e_id":"e68ca971133bec","e_first_name":"\u0e19\u0e32\u0e22\u0e1b\u0e34\u0e22\u0e30  ","e_last_name":"\u0e2d\u0e48\u0e33\u0e2a\u0e38\u0e1e\u0e23\u0e23\u0e13","e_position":"\u0e04\u0e23\u0e39","e_academic_standing":"\u0e04\u0e23\u0e39\u0e0a\u0e33\u0e19\u0e32\u0e0d\u0e01\u0e32\u0e23\u0e1e\u0e34\u0e40\u0e28\u0e29","e_organization":"\u0e42\u0e23\u0e07\u0e40\u0e23\u0e35\u0e22\u0e19\u0e2a\u0e15\u0e23\u0e35\u0e19\u0e04\u0e23\u0e2a\u0e27\u0e23\u0e23\u0e04\u0e4c","e_Username":"skj02","e_Password":"$2y$10$NOA8eaVIkbusZENy7SbrveRVrGDc0RoskEhI5FErcOVJwuzPPesLC"}
INFO - 2025-09-18 10:57:14 --> Session: Class initialized using 'CodeIgniter\Session\Handlers\FileHandler' driver.
DEBUG - 2025-09-18 10:57:14 --> Attempting to save PA evaluation for personId: pers_005
DEBUG - 2025-09-18 10:57:14 --> Person ID pers_005 exists in tb_personnel: true
INFO - 2025-09-18 10:57:17 --> Session: Class initialized using 'CodeIgniter\Session\Handlers\FileHandler' driver.
DEBUG - 2025-09-18 10:57:17 --> Evaluator ID from session: e68ca971133bec
DEBUG - 2025-09-18 10:57:17 --> Evaluator data fetched: {"e_id":"e68ca971133bec","e_first_name":"\u0e19\u0e32\u0e22\u0e1b\u0e34\u0e22\u0e30  ","e_last_name":"\u0e2d\u0e48\u0e33\u0e2a\u0e38\u0e1e\u0e23\u0e23\u0e13","e_position":"\u0e04\u0e23\u0e39","e_academic_standing":"\u0e04\u0e23\u0e39\u0e0a\u0e33\u0e19\u0e32\u0e0d\u0e01\u0e32\u0e23\u0e1e\u0e34\u0e40\u0e28\u0e29","e_organization":"\u0e42\u0e23\u0e07\u0e40\u0e23\u0e35\u0e22\u0e19\u0e2a\u0e15\u0e23\u0e35\u0e19\u0e04\u0e23\u0e2a\u0e27\u0e23\u0e23\u0e04\u0e4c","e_Username":"skj02","e_Password":"$2y$10$NOA8eaVIkbusZENy7SbrveRVrGDc0RoskEhI5FErcOVJwuzPPesLC"}
INFO - 2025-09-18 11:28:04 --> Session: Class initialized using 'CodeIgniter\Session\Handlers\FileHandler' driver.
INFO - 2025-09-18 11:29:46 --> Session: Class initialized using 'CodeIgniter\Session\Handlers\FileHandler' driver.
INFO - 2025-09-18 11:30:15 --> Session: Class initialized using 'CodeIgniter\Session\Handlers\FileHandler' driver.
DEBUG - 2025-09-18 11:30:15 --> Evaluator ID from session: e68ca971133bec
DEBUG - 2025-09-18 11:30:15 --> Evaluator data fetched: {"e_id":"e68ca971133bec","e_first_name":"\u0e19\u0e32\u0e22\u0e1b\u0e34\u0e22\u0e30  ","e_last_name":"\u0e2d\u0e48\u0e33\u0e2a\u0e38\u0e1e\u0e23\u0e23\u0e13","e_position":"\u0e04\u0e23\u0e39","e_academic_standing":"\u0e04\u0e23\u0e39\u0e0a\u0e33\u0e19\u0e32\u0e0d\u0e01\u0e32\u0e23\u0e1e\u0e34\u0e40\u0e28\u0e29","e_organization":"\u0e42\u0e23\u0e07\u0e40\u0e23\u0e35\u0e22\u0e19\u0e2a\u0e15\u0e23\u0e35\u0e19\u0e04\u0e23\u0e2a\u0e27\u0e23\u0e23\u0e04\u0e4c","e_Username":"skj02","e_Password":"$2y$10$NOA8eaVIkbusZENy7SbrveRVrGDc0RoskEhI5FErcOVJwuzPPesLC"}
INFO - 2025-09-18 11:31:10 --> Session: Class initialized using 'CodeIgniter\Session\Handlers\FileHandler' driver.
DEBUG - 2025-09-18 11:31:10 --> Evaluator ID from session: e68ca971133bec
DEBUG - 2025-09-18 11:31:10 --> Evaluator data fetched: {"e_id":"e68ca971133bec","e_first_name":"\u0e19\u0e32\u0e22\u0e1b\u0e34\u0e22\u0e30  ","e_last_name":"\u0e2d\u0e48\u0e33\u0e2a\u0e38\u0e1e\u0e23\u0e23\u0e13","e_position":"\u0e04\u0e23\u0e39","e_academic_standing":"\u0e04\u0e23\u0e39\u0e0a\u0e33\u0e19\u0e32\u0e0d\u0e01\u0e32\u0e23\u0e1e\u0e34\u0e40\u0e28\u0e29","e_organization":"\u0e42\u0e23\u0e07\u0e40\u0e23\u0e35\u0e22\u0e19\u0e2a\u0e15\u0e23\u0e35\u0e19\u0e04\u0e23\u0e2a\u0e27\u0e23\u0e23\u0e04\u0e4c","e_Username":"skj02","e_Password":"$2y$10$NOA8eaVIkbusZENy7SbrveRVrGDc0RoskEhI5FErcOVJwuzPPesLC"}
INFO - 2025-09-18 11:32:05 --> Session: Class initialized using 'CodeIgniter\Session\Handlers\FileHandler' driver.
DEBUG - 2025-09-18 11:32:05 --> Evaluator ID from session: e68ca971133bec
DEBUG - 2025-09-18 11:32:05 --> Evaluator data fetched: {"e_id":"e68ca971133bec","e_first_name":"\u0e19\u0e32\u0e22\u0e1b\u0e34\u0e22\u0e30  ","e_last_name":"\u0e2d\u0e48\u0e33\u0e2a\u0e38\u0e1e\u0e23\u0e23\u0e13","e_position":"\u0e04\u0e23\u0e39","e_academic_standing":"\u0e04\u0e23\u0e39\u0e0a\u0e33\u0e19\u0e32\u0e0d\u0e01\u0e32\u0e23\u0e1e\u0e34\u0e40\u0e28\u0e29","e_organization":"\u0e42\u0e23\u0e07\u0e40\u0e23\u0e35\u0e22\u0e19\u0e2a\u0e15\u0e23\u0e35\u0e19\u0e04\u0e23\u0e2a\u0e27\u0e23\u0e23\u0e04\u0e4c","e_Username":"skj02","e_Password":"$2y$10$NOA8eaVIkbusZENy7SbrveRVrGDc0RoskEhI5FErcOVJwuzPPesLC"}
INFO - 2025-09-18 11:33:25 --> Session: Class initialized using 'CodeIgniter\Session\Handlers\FileHandler' driver.
INFO - 2025-09-18 11:33:26 --> Session: Class initialized using 'CodeIgniter\Session\Handlers\FileHandler' driver.
INFO - 2025-09-18 11:33:35 --> Session: Class initialized using 'CodeIgniter\Session\Handlers\FileHandler' driver.
INFO - 2025-09-18 11:33:36 --> Session: Class initialized using 'CodeIgniter\Session\Handlers\FileHandler' driver.
INFO - 2025-09-18 11:34:31 --> Session: Class initialized using 'CodeIgniter\Session\Handlers\FileHandler' driver.
INFO - 2025-09-18 11:34:32 --> Session: Class initialized using 'CodeIgniter\Session\Handlers\FileHandler' driver.
INFO - 2025-09-18 11:34:56 --> Session: Class initialized using 'CodeIgniter\Session\Handlers\FileHandler' driver.
INFO - 2025-09-18 11:34:57 --> Session: Class initialized using 'CodeIgniter\Session\Handlers\FileHandler' driver.
INFO - 2025-09-18 11:35:31 --> Session: Class initialized using 'CodeIgniter\Session\Handlers\FileHandler' driver.
INFO - 2025-09-18 11:35:32 --> Session: Class initialized using 'CodeIgniter\Session\Handlers\FileHandler' driver.
INFO - 2025-09-18 11:35:38 --> Session: Class initialized using 'CodeIgniter\Session\Handlers\FileHandler' driver.
DEBUG - 2025-09-18 11:35:38 --> Evaluator ID from session: e68ca971133bec
DEBUG - 2025-09-18 11:35:38 --> Evaluator data fetched: {"e_id":"e68ca971133bec","e_first_name":"\u0e19\u0e32\u0e22\u0e1b\u0e34\u0e22\u0e30  ","e_last_name":"\u0e2d\u0e48\u0e33\u0e2a\u0e38\u0e1e\u0e23\u0e23\u0e13","e_position":"\u0e04\u0e23\u0e39","e_academic_standing":"\u0e04\u0e23\u0e39\u0e0a\u0e33\u0e19\u0e32\u0e0d\u0e01\u0e32\u0e23\u0e1e\u0e34\u0e40\u0e28\u0e29","e_organization":"\u0e42\u0e23\u0e07\u0e40\u0e23\u0e35\u0e22\u0e19\u0e2a\u0e15\u0e23\u0e35\u0e19\u0e04\u0e23\u0e2a\u0e27\u0e23\u0e23\u0e04\u0e4c","e_Username":"skj02","e_Password":"$2y$10$NOA8eaVIkbusZENy7SbrveRVrGDc0RoskEhI5FErcOVJwuzPPesLC"}
INFO - 2025-09-18 11:38:20 --> Session: Class initialized using 'CodeIgniter\Session\Handlers\FileHandler' driver.
DEBUG - 2025-09-18 11:38:20 --> Evaluator ID from session: e68ca971133bec
DEBUG - 2025-09-18 11:38:20 --> Evaluator data fetched: {"e_id":"e68ca971133bec","e_first_name":"\u0e19\u0e32\u0e22\u0e1b\u0e34\u0e22\u0e30  ","e_last_name":"\u0e2d\u0e48\u0e33\u0e2a\u0e38\u0e1e\u0e23\u0e23\u0e13","e_position":"\u0e04\u0e23\u0e39","e_academic_standing":"\u0e04\u0e23\u0e39\u0e0a\u0e33\u0e19\u0e32\u0e0d\u0e01\u0e32\u0e23\u0e1e\u0e34\u0e40\u0e28\u0e29","e_organization":"\u0e42\u0e23\u0e07\u0e40\u0e23\u0e35\u0e22\u0e19\u0e2a\u0e15\u0e23\u0e35\u0e19\u0e04\u0e23\u0e2a\u0e27\u0e23\u0e23\u0e04\u0e4c","e_Username":"skj02","e_Password":"$2y$10$NOA8eaVIkbusZENy7SbrveRVrGDc0RoskEhI5FErcOVJwuzPPesLC"}
INFO - 2025-09-18 11:39:53 --> Session: Class initialized using 'CodeIgniter\Session\Handlers\FileHandler' driver.
DEBUG - 2025-09-18 11:39:53 --> Evaluator ID from session: e68ca971133bec
DEBUG - 2025-09-18 11:39:53 --> Evaluator data fetched: {"e_id":"e68ca971133bec","e_first_name":"\u0e19\u0e32\u0e22\u0e1b\u0e34\u0e22\u0e30  ","e_last_name":"\u0e2d\u0e48\u0e33\u0e2a\u0e38\u0e1e\u0e23\u0e23\u0e13","e_position":"\u0e04\u0e23\u0e39","e_academic_standing":"\u0e04\u0e23\u0e39\u0e0a\u0e33\u0e19\u0e32\u0e0d\u0e01\u0e32\u0e23\u0e1e\u0e34\u0e40\u0e28\u0e29","e_organization":"\u0e42\u0e23\u0e07\u0e40\u0e23\u0e35\u0e22\u0e19\u0e2a\u0e15\u0e23\u0e35\u0e19\u0e04\u0e23\u0e2a\u0e27\u0e23\u0e23\u0e04\u0e4c","e_Username":"skj02","e_Password":"$2y$10$NOA8eaVIkbusZENy7SbrveRVrGDc0RoskEhI5FErcOVJwuzPPesLC"}
INFO - 2025-09-18 12:06:03 --> Session: Class initialized using 'CodeIgniter\Session\Handlers\FileHandler' driver.
INFO - 2025-09-18 12:06:03 --> Session: Class initialized using 'CodeIgniter\Session\Handlers\FileHandler' driver.
DEBUG - 2025-09-18 12:06:03 --> Evaluator ID from session: e68ca971133bec
DEBUG - 2025-09-18 12:06:03 --> Evaluator data fetched: {"e_id":"e68ca971133bec","e_first_name":"\u0e19\u0e32\u0e22\u0e1b\u0e34\u0e22\u0e30  ","e_last_name":"\u0e2d\u0e48\u0e33\u0e2a\u0e38\u0e1e\u0e23\u0e23\u0e13","e_position":"\u0e04\u0e23\u0e39","e_academic_standing":"\u0e04\u0e23\u0e39\u0e0a\u0e33\u0e19\u0e32\u0e0d\u0e01\u0e32\u0e23\u0e1e\u0e34\u0e40\u0e28\u0e29","e_organization":"\u0e42\u0e23\u0e07\u0e40\u0e23\u0e35\u0e22\u0e19\u0e2a\u0e15\u0e23\u0e35\u0e19\u0e04\u0e23\u0e2a\u0e27\u0e23\u0e23\u0e04\u0e4c","e_Username":"skj02","e_Password":"$2y$10$NOA8eaVIkbusZENy7SbrveRVrGDc0RoskEhI5FErcOVJwuzPPesLC"}
CRITICAL - 2025-09-18 12:06:05 --> unlink(D:\xampp\htdocs\personnel\writable\debugbar/debugbar_1758167834.298826.json): No such file or directory
in SYSTEMPATH\Debug\Toolbar\Collectors\History.php on line 76.
 1 [internal function]: CodeIgniter\Debug\Exceptions->errorHandler(2, 'unlink(D:\\xampp\\htdocs\\personnel\\writable\\debugbar/debugbar_1758167834.298826.json): No such file or directory', 'D:\\xampp\\htdocs\\personnel\\vendor\\codeigniter4\\framework\\system\\Debug\\Toolbar\\Collectors\\History.php', 76)
 2 SYSTEMPATH\Debug\Toolbar\Collectors\History.php(76): unlink('D:\\xampp\\htdocs\\personnel\\writable\\debugbar/debugbar_1758167834.298826.json')
 3 SYSTEMPATH\Debug\Toolbar.php(497): CodeIgniter\Debug\Toolbar\Collectors\History->setFiles('1758171964.215378', 20)
 4 SYSTEMPATH\Debug\Toolbar.php(474): CodeIgniter\Debug\Toolbar->format([...], 'html')
 5 APPPATH\Config\Events.php(46): CodeIgniter\Debug\Toolbar->respond()
 6 SYSTEMPATH\Events\Events.php(149): CodeIgniter\Events\Events::Config\{closure}()
 7 SYSTEMPATH\CodeIgniter.php(350): CodeIgniter\Events\Events::trigger('pre_system')
 8 FCPATH\index.php(67): CodeIgniter\CodeIgniter->run()
INFO - 2025-09-18 12:12:43 --> Session: Class initialized using 'CodeIgniter\Session\Handlers\FileHandler' driver.
DEBUG - 2025-09-18 12:12:43 --> Evaluator ID from session: e68ca971133bec
DEBUG - 2025-09-18 12:12:43 --> Evaluator data fetched: {"e_id":"e68ca971133bec","e_first_name":"\u0e19\u0e32\u0e22\u0e1b\u0e34\u0e22\u0e30  ","e_last_name":"\u0e2d\u0e48\u0e33\u0e2a\u0e38\u0e1e\u0e23\u0e23\u0e13","e_position":"\u0e04\u0e23\u0e39","e_academic_standing":"\u0e04\u0e23\u0e39\u0e0a\u0e33\u0e19\u0e32\u0e0d\u0e01\u0e32\u0e23\u0e1e\u0e34\u0e40\u0e28\u0e29","e_organization":"\u0e42\u0e23\u0e07\u0e40\u0e23\u0e35\u0e22\u0e19\u0e2a\u0e15\u0e23\u0e35\u0e19\u0e04\u0e23\u0e2a\u0e27\u0e23\u0e23\u0e04\u0e4c","e_Username":"skj02","e_Password":"$2y$10$NOA8eaVIkbusZENy7SbrveRVrGDc0RoskEhI5FErcOVJwuzPPesLC"}
INFO - 2025-09-18 12:14:51 --> Session: Class initialized using 'CodeIgniter\Session\Handlers\FileHandler' driver.
DEBUG - 2025-09-18 12:14:51 --> Evaluator ID from session: e68ca971133bec
DEBUG - 2025-09-18 12:14:51 --> Evaluator data fetched: {"e_id":"e68ca971133bec","e_first_name":"\u0e19\u0e32\u0e22\u0e1b\u0e34\u0e22\u0e30  ","e_last_name":"\u0e2d\u0e48\u0e33\u0e2a\u0e38\u0e1e\u0e23\u0e23\u0e13","e_position":"\u0e04\u0e23\u0e39","e_academic_standing":"\u0e04\u0e23\u0e39\u0e0a\u0e33\u0e19\u0e32\u0e0d\u0e01\u0e32\u0e23\u0e1e\u0e34\u0e40\u0e28\u0e29","e_organization":"\u0e42\u0e23\u0e07\u0e40\u0e23\u0e35\u0e22\u0e19\u0e2a\u0e15\u0e23\u0e35\u0e19\u0e04\u0e23\u0e2a\u0e27\u0e23\u0e23\u0e04\u0e4c","e_Username":"skj02","e_Password":"$2y$10$NOA8eaVIkbusZENy7SbrveRVrGDc0RoskEhI5FErcOVJwuzPPesLC"}
INFO - 2025-09-18 14:02:30 --> Session: Class initialized using 'CodeIgniter\Session\Handlers\FileHandler' driver.
DEBUG - 2025-09-18 14:02:30 --> Evaluator ID from session: e68ca971133bec
DEBUG - 2025-09-18 14:02:30 --> Evaluator data fetched: {"e_id":"e68ca971133bec","e_first_name":"\u0e19\u0e32\u0e22\u0e1b\u0e34\u0e22\u0e30  ","e_last_name":"\u0e2d\u0e48\u0e33\u0e2a\u0e38\u0e1e\u0e23\u0e23\u0e13","e_position":"\u0e04\u0e23\u0e39","e_academic_standing":"\u0e04\u0e23\u0e39\u0e0a\u0e33\u0e19\u0e32\u0e0d\u0e01\u0e32\u0e23\u0e1e\u0e34\u0e40\u0e28\u0e29","e_organization":"\u0e42\u0e23\u0e07\u0e40\u0e23\u0e35\u0e22\u0e19\u0e2a\u0e15\u0e23\u0e35\u0e19\u0e04\u0e23\u0e2a\u0e27\u0e23\u0e23\u0e04\u0e4c","e_Username":"skj02","e_Password":"$2y$10$NOA8eaVIkbusZENy7SbrveRVrGDc0RoskEhI5FErcOVJwuzPPesLC"}
INFO - 2025-09-18 14:04:33 --> Session: Class initialized using 'CodeIgniter\Session\Handlers\FileHandler' driver.
DEBUG - 2025-09-18 14:04:33 --> Evaluator ID from session: e68ca971133bec
DEBUG - 2025-09-18 14:04:33 --> Evaluator data fetched: {"e_id":"e68ca971133bec","e_first_name":"\u0e19\u0e32\u0e22\u0e1b\u0e34\u0e22\u0e30  ","e_last_name":"\u0e2d\u0e48\u0e33\u0e2a\u0e38\u0e1e\u0e23\u0e23\u0e13","e_position":"\u0e04\u0e23\u0e39","e_academic_standing":"\u0e04\u0e23\u0e39\u0e0a\u0e33\u0e19\u0e32\u0e0d\u0e01\u0e32\u0e23\u0e1e\u0e34\u0e40\u0e28\u0e29","e_organization":"\u0e42\u0e23\u0e07\u0e40\u0e23\u0e35\u0e22\u0e19\u0e2a\u0e15\u0e23\u0e35\u0e19\u0e04\u0e23\u0e2a\u0e27\u0e23\u0e23\u0e04\u0e4c","e_Username":"skj02","e_Password":"$2y$10$NOA8eaVIkbusZENy7SbrveRVrGDc0RoskEhI5FErcOVJwuzPPesLC"}
INFO - 2025-09-18 14:04:42 --> Session: Class initialized using 'CodeIgniter\Session\Handlers\FileHandler' driver.
DEBUG - 2025-09-18 14:04:42 --> Attempting to save PA evaluation for personId: pers_005
DEBUG - 2025-09-18 14:04:42 --> Person ID pers_005 exists in tb_personnel: true
INFO - 2025-09-18 14:04:45 --> Session: Class initialized using 'CodeIgniter\Session\Handlers\FileHandler' driver.
DEBUG - 2025-09-18 14:04:45 --> Evaluator ID from session: e68ca971133bec
DEBUG - 2025-09-18 14:04:45 --> Evaluator data fetched: {"e_id":"e68ca971133bec","e_first_name":"\u0e19\u0e32\u0e22\u0e1b\u0e34\u0e22\u0e30  ","e_last_name":"\u0e2d\u0e48\u0e33\u0e2a\u0e38\u0e1e\u0e23\u0e23\u0e13","e_position":"\u0e04\u0e23\u0e39","e_academic_standing":"\u0e04\u0e23\u0e39\u0e0a\u0e33\u0e19\u0e32\u0e0d\u0e01\u0e32\u0e23\u0e1e\u0e34\u0e40\u0e28\u0e29","e_organization":"\u0e42\u0e23\u0e07\u0e40\u0e23\u0e35\u0e22\u0e19\u0e2a\u0e15\u0e23\u0e35\u0e19\u0e04\u0e23\u0e2a\u0e27\u0e23\u0e23\u0e04\u0e4c","e_Username":"skj02","e_Password":"$2y$10$NOA8eaVIkbusZENy7SbrveRVrGDc0RoskEhI5FErcOVJwuzPPesLC"}
INFO - 2025-09-18 14:05:22 --> Session: Class initialized using 'CodeIgniter\Session\Handlers\FileHandler' driver.
DEBUG - 2025-09-18 14:05:22 --> Evaluator ID from session: e68ca971133bec
DEBUG - 2025-09-18 14:05:22 --> Evaluator data fetched: {"e_id":"e68ca971133bec","e_first_name":"\u0e19\u0e32\u0e22\u0e1b\u0e34\u0e22\u0e30  ","e_last_name":"\u0e2d\u0e48\u0e33\u0e2a\u0e38\u0e1e\u0e23\u0e23\u0e13","e_position":"\u0e04\u0e23\u0e39","e_academic_standing":"\u0e04\u0e23\u0e39\u0e0a\u0e33\u0e19\u0e32\u0e0d\u0e01\u0e32\u0e23\u0e1e\u0e34\u0e40\u0e28\u0e29","e_organization":"\u0e42\u0e23\u0e07\u0e40\u0e23\u0e35\u0e22\u0e19\u0e2a\u0e15\u0e23\u0e35\u0e19\u0e04\u0e23\u0e2a\u0e27\u0e23\u0e23\u0e04\u0e4c","e_Username":"skj02","e_Password":"$2y$10$NOA8eaVIkbusZENy7SbrveRVrGDc0RoskEhI5FErcOVJwuzPPesLC"}
INFO - 2025-09-18 14:10:19 --> Session: Class initialized using 'CodeIgniter\Session\Handlers\FileHandler' driver.
DEBUG - 2025-09-18 14:10:19 --> Evaluator ID from session: e68ca971133bec
DEBUG - 2025-09-18 14:10:19 --> Evaluator data fetched: {"e_id":"e68ca971133bec","e_first_name":"\u0e19\u0e32\u0e22\u0e1b\u0e34\u0e22\u0e30  ","e_last_name":"\u0e2d\u0e48\u0e33\u0e2a\u0e38\u0e1e\u0e23\u0e23\u0e13","e_position":"\u0e04\u0e23\u0e39","e_academic_standing":"\u0e04\u0e23\u0e39\u0e0a\u0e33\u0e19\u0e32\u0e0d\u0e01\u0e32\u0e23\u0e1e\u0e34\u0e40\u0e28\u0e29","e_organization":"\u0e42\u0e23\u0e07\u0e40\u0e23\u0e35\u0e22\u0e19\u0e2a\u0e15\u0e23\u0e35\u0e19\u0e04\u0e23\u0e2a\u0e27\u0e23\u0e23\u0e04\u0e4c","e_Username":"skj02","e_Password":"$2y$10$NOA8eaVIkbusZENy7SbrveRVrGDc0RoskEhI5FErcOVJwuzPPesLC"}
INFO - 2025-09-18 14:11:56 --> Session: Class initialized using 'CodeIgniter\Session\Handlers\FileHandler' driver.
DEBUG - 2025-09-18 14:11:56 --> Evaluator ID from session: e68ca971133bec
DEBUG - 2025-09-18 14:11:56 --> Evaluator data fetched: {"e_id":"e68ca971133bec","e_first_name":"\u0e19\u0e32\u0e22\u0e1b\u0e34\u0e22\u0e30  ","e_last_name":"\u0e2d\u0e48\u0e33\u0e2a\u0e38\u0e1e\u0e23\u0e23\u0e13","e_position":"\u0e04\u0e23\u0e39","e_academic_standing":"\u0e04\u0e23\u0e39\u0e0a\u0e33\u0e19\u0e32\u0e0d\u0e01\u0e32\u0e23\u0e1e\u0e34\u0e40\u0e28\u0e29","e_organization":"\u0e42\u0e23\u0e07\u0e40\u0e23\u0e35\u0e22\u0e19\u0e2a\u0e15\u0e23\u0e35\u0e19\u0e04\u0e23\u0e2a\u0e27\u0e23\u0e23\u0e04\u0e4c","e_Username":"skj02","e_Password":"$2y$10$NOA8eaVIkbusZENy7SbrveRVrGDc0RoskEhI5FErcOVJwuzPPesLC"}
INFO - 2025-09-18 14:13:36 --> Session: Class initialized using 'CodeIgniter\Session\Handlers\FileHandler' driver.
DEBUG - 2025-09-18 14:13:36 --> Evaluator ID from session: e68ca971133bec
DEBUG - 2025-09-18 14:13:36 --> Evaluator data fetched: {"e_id":"e68ca971133bec","e_first_name":"\u0e19\u0e32\u0e22\u0e1b\u0e34\u0e22\u0e30  ","e_last_name":"\u0e2d\u0e48\u0e33\u0e2a\u0e38\u0e1e\u0e23\u0e23\u0e13","e_position":"\u0e04\u0e23\u0e39","e_academic_standing":"\u0e04\u0e23\u0e39\u0e0a\u0e33\u0e19\u0e32\u0e0d\u0e01\u0e32\u0e23\u0e1e\u0e34\u0e40\u0e28\u0e29","e_organization":"\u0e42\u0e23\u0e07\u0e40\u0e23\u0e35\u0e22\u0e19\u0e2a\u0e15\u0e23\u0e35\u0e19\u0e04\u0e23\u0e2a\u0e27\u0e23\u0e23\u0e04\u0e4c","e_Username":"skj02","e_Password":"$2y$10$NOA8eaVIkbusZENy7SbrveRVrGDc0RoskEhI5FErcOVJwuzPPesLC"}
INFO - 2025-09-18 14:14:29 --> Session: Class initialized using 'CodeIgniter\Session\Handlers\FileHandler' driver.
DEBUG - 2025-09-18 14:14:29 --> Evaluator ID from session: e68ca971133bec
DEBUG - 2025-09-18 14:14:29 --> Evaluator data fetched: {"e_id":"e68ca971133bec","e_first_name":"\u0e19\u0e32\u0e22\u0e1b\u0e34\u0e22\u0e30  ","e_last_name":"\u0e2d\u0e48\u0e33\u0e2a\u0e38\u0e1e\u0e23\u0e23\u0e13","e_position":"\u0e04\u0e23\u0e39","e_academic_standing":"\u0e04\u0e23\u0e39\u0e0a\u0e33\u0e19\u0e32\u0e0d\u0e01\u0e32\u0e23\u0e1e\u0e34\u0e40\u0e28\u0e29","e_organization":"\u0e42\u0e23\u0e07\u0e40\u0e23\u0e35\u0e22\u0e19\u0e2a\u0e15\u0e23\u0e35\u0e19\u0e04\u0e23\u0e2a\u0e27\u0e23\u0e23\u0e04\u0e4c","e_Username":"skj02","e_Password":"$2y$10$NOA8eaVIkbusZENy7SbrveRVrGDc0RoskEhI5FErcOVJwuzPPesLC"}
INFO - 2025-09-18 14:14:30 --> Session: Class initialized using 'CodeIgniter\Session\Handlers\FileHandler' driver.
INFO - 2025-09-18 14:14:30 --> Session: Class initialized using 'CodeIgniter\Session\Handlers\FileHandler' driver.
INFO - 2025-09-18 14:14:32 --> Session: Class initialized using 'CodeIgniter\Session\Handlers\FileHandler' driver.
DEBUG - 2025-09-18 14:14:32 --> Evaluator ID from session: e68ca971133bec
DEBUG - 2025-09-18 14:14:32 --> Evaluator data fetched: {"e_id":"e68ca971133bec","e_first_name":"\u0e19\u0e32\u0e22\u0e1b\u0e34\u0e22\u0e30  ","e_last_name":"\u0e2d\u0e48\u0e33\u0e2a\u0e38\u0e1e\u0e23\u0e23\u0e13","e_position":"\u0e04\u0e23\u0e39","e_academic_standing":"\u0e04\u0e23\u0e39\u0e0a\u0e33\u0e19\u0e32\u0e0d\u0e01\u0e32\u0e23\u0e1e\u0e34\u0e40\u0e28\u0e29","e_organization":"\u0e42\u0e23\u0e07\u0e40\u0e23\u0e35\u0e22\u0e19\u0e2a\u0e15\u0e23\u0e35\u0e19\u0e04\u0e23\u0e2a\u0e27\u0e23\u0e23\u0e04\u0e4c","e_Username":"skj02","e_Password":"$2y$10$NOA8eaVIkbusZENy7SbrveRVrGDc0RoskEhI5FErcOVJwuzPPesLC"}
INFO - 2025-09-18 14:14:40 --> Session: Class initialized using 'CodeIgniter\Session\Handlers\FileHandler' driver.
INFO - 2025-09-18 14:14:40 --> Session: Class initialized using 'CodeIgniter\Session\Handlers\FileHandler' driver.
INFO - 2025-09-18 14:14:42 --> Session: Class initialized using 'CodeIgniter\Session\Handlers\FileHandler' driver.
DEBUG - 2025-09-18 14:14:42 --> Evaluator ID from session: e68ca971133bec
DEBUG - 2025-09-18 14:14:42 --> Evaluator data fetched: {"e_id":"e68ca971133bec","e_first_name":"\u0e19\u0e32\u0e22\u0e1b\u0e34\u0e22\u0e30  ","e_last_name":"\u0e2d\u0e48\u0e33\u0e2a\u0e38\u0e1e\u0e23\u0e23\u0e13","e_position":"\u0e04\u0e23\u0e39","e_academic_standing":"\u0e04\u0e23\u0e39\u0e0a\u0e33\u0e19\u0e32\u0e0d\u0e01\u0e32\u0e23\u0e1e\u0e34\u0e40\u0e28\u0e29","e_organization":"\u0e42\u0e23\u0e07\u0e40\u0e23\u0e35\u0e22\u0e19\u0e2a\u0e15\u0e23\u0e35\u0e19\u0e04\u0e23\u0e2a\u0e27\u0e23\u0e23\u0e04\u0e4c","e_Username":"skj02","e_Password":"$2y$10$NOA8eaVIkbusZENy7SbrveRVrGDc0RoskEhI5FErcOVJwuzPPesLC"}
INFO - 2025-09-18 14:15:58 --> Session: Class initialized using 'CodeIgniter\Session\Handlers\FileHandler' driver.
DEBUG - 2025-09-18 14:15:58 --> Evaluator ID from session: e68ca971133bec
DEBUG - 2025-09-18 14:15:58 --> Evaluator data fetched: {"e_id":"e68ca971133bec","e_first_name":"\u0e19\u0e32\u0e22\u0e1b\u0e34\u0e22\u0e30  ","e_last_name":"\u0e2d\u0e48\u0e33\u0e2a\u0e38\u0e1e\u0e23\u0e23\u0e13","e_position":"\u0e04\u0e23\u0e39","e_academic_standing":"\u0e04\u0e23\u0e39\u0e0a\u0e33\u0e19\u0e32\u0e0d\u0e01\u0e32\u0e23\u0e1e\u0e34\u0e40\u0e28\u0e29","e_organization":"\u0e42\u0e23\u0e07\u0e40\u0e23\u0e35\u0e22\u0e19\u0e2a\u0e15\u0e23\u0e35\u0e19\u0e04\u0e23\u0e2a\u0e27\u0e23\u0e23\u0e04\u0e4c","e_Username":"skj02","e_Password":"$2y$10$NOA8eaVIkbusZENy7SbrveRVrGDc0RoskEhI5FErcOVJwuzPPesLC"}
INFO - 2025-09-18 14:16:24 --> Session: Class initialized using 'CodeIgniter\Session\Handlers\FileHandler' driver.
DEBUG - 2025-09-18 14:16:24 --> Attempting to save PA evaluation for personId: pers_006
DEBUG - 2025-09-18 14:16:24 --> Person ID pers_006 exists in tb_personnel: true
INFO - 2025-09-18 14:16:30 --> Session: Class initialized using 'CodeIgniter\Session\Handlers\FileHandler' driver.
DEBUG - 2025-09-18 14:16:30 --> Evaluator ID from session: e68ca971133bec
DEBUG - 2025-09-18 14:16:30 --> Evaluator data fetched: {"e_id":"e68ca971133bec","e_first_name":"\u0e19\u0e32\u0e22\u0e1b\u0e34\u0e22\u0e30  ","e_last_name":"\u0e2d\u0e48\u0e33\u0e2a\u0e38\u0e1e\u0e23\u0e23\u0e13","e_position":"\u0e04\u0e23\u0e39","e_academic_standing":"\u0e04\u0e23\u0e39\u0e0a\u0e33\u0e19\u0e32\u0e0d\u0e01\u0e32\u0e23\u0e1e\u0e34\u0e40\u0e28\u0e29","e_organization":"\u0e42\u0e23\u0e07\u0e40\u0e23\u0e35\u0e22\u0e19\u0e2a\u0e15\u0e23\u0e35\u0e19\u0e04\u0e23\u0e2a\u0e27\u0e23\u0e23\u0e04\u0e4c","e_Username":"skj02","e_Password":"$2y$10$NOA8eaVIkbusZENy7SbrveRVrGDc0RoskEhI5FErcOVJwuzPPesLC"}
INFO - 2025-09-18 14:18:25 --> Session: Class initialized using 'CodeIgniter\Session\Handlers\FileHandler' driver.
DEBUG - 2025-09-18 14:18:25 --> Evaluator ID from session: e68ca971133bec
DEBUG - 2025-09-18 14:18:25 --> Evaluator data fetched: {"e_id":"e68ca971133bec","e_first_name":"\u0e19\u0e32\u0e22\u0e1b\u0e34\u0e22\u0e30  ","e_last_name":"\u0e2d\u0e48\u0e33\u0e2a\u0e38\u0e1e\u0e23\u0e23\u0e13","e_position":"\u0e04\u0e23\u0e39","e_academic_standing":"\u0e04\u0e23\u0e39\u0e0a\u0e33\u0e19\u0e32\u0e0d\u0e01\u0e32\u0e23\u0e1e\u0e34\u0e40\u0e28\u0e29","e_organization":"\u0e42\u0e23\u0e07\u0e40\u0e23\u0e35\u0e22\u0e19\u0e2a\u0e15\u0e23\u0e35\u0e19\u0e04\u0e23\u0e2a\u0e27\u0e23\u0e23\u0e04\u0e4c","e_Username":"skj02","e_Password":"$2y$10$NOA8eaVIkbusZENy7SbrveRVrGDc0RoskEhI5FErcOVJwuzPPesLC"}
DEBUG - 2025-09-18 14:18:25 --> rawItemScores: {"ri68caa1a43791b":"2","ri68caa4db89793":"3","ri68caaeee70c4b":"2","ri68caab17ad4ea":"2","ri68caab3f7cba9":"3","ri68caab8b6aa92":"2","ri68caae9124210":"2","ri68caae020ab7c":"3","ri68cab2806113e":"3","ri68cb7c0c399a1":"2","ri68cb7d447f7fe":"2","ri68cb7f63f1a2b":"2","ri68cb7fad49b3f":"2","ri68cb7ff81f63b":"3","ri68cb801bb1e39":"3","ri68cb8b959524e":"3","ri68cb8bd793967":"3","ri68cb8bf0824f2":"2"}
INFO - 2025-09-18 14:23:46 --> Session: Class initialized using 'CodeIgniter\Session\Handlers\FileHandler' driver.
DEBUG - 2025-09-18 14:23:46 --> Evaluator ID from session: e68ca971133bec
DEBUG - 2025-09-18 14:23:46 --> Evaluator data fetched: {"e_id":"e68ca971133bec","e_first_name":"\u0e19\u0e32\u0e22\u0e1b\u0e34\u0e22\u0e30  ","e_last_name":"\u0e2d\u0e48\u0e33\u0e2a\u0e38\u0e1e\u0e23\u0e23\u0e13","e_position":"\u0e04\u0e23\u0e39","e_academic_standing":"\u0e04\u0e23\u0e39\u0e0a\u0e33\u0e19\u0e32\u0e0d\u0e01\u0e32\u0e23\u0e1e\u0e34\u0e40\u0e28\u0e29","e_organization":"\u0e42\u0e23\u0e07\u0e40\u0e23\u0e35\u0e22\u0e19\u0e2a\u0e15\u0e23\u0e35\u0e19\u0e04\u0e23\u0e2a\u0e27\u0e23\u0e23\u0e04\u0e4c","e_Username":"skj02","e_Password":"$2y$10$NOA8eaVIkbusZENy7SbrveRVrGDc0RoskEhI5FErcOVJwuzPPesLC"}
DEBUG - 2025-09-18 14:23:46 --> rawItemScores: {"ri68caa1a43791b":"2","ri68caa4db89793":"3","ri68caaeee70c4b":"2","ri68caab17ad4ea":"2","ri68caab3f7cba9":"3","ri68caab8b6aa92":"2","ri68caae9124210":"2","ri68caae020ab7c":"3","ri68cab2806113e":"3","ri68cb7c0c399a1":"2","ri68cb7d447f7fe":"2","ri68cb7f63f1a2b":"2","ri68cb7fad49b3f":"2","ri68cb7ff81f63b":"3","ri68cb801bb1e39":"3","ri68cb8b959524e":"3","ri68cb8bd793967":"3","ri68cb8bf0824f2":"2"}
INFO - 2025-09-18 14:23:55 --> Session: Class initialized using 'CodeIgniter\Session\Handlers\FileHandler' driver.
DEBUG - 2025-09-18 14:23:55 --> Attempting to save PA evaluation for personId: pers_006
DEBUG - 2025-09-18 14:23:56 --> Person ID pers_006 exists in tb_personnel: true
INFO - 2025-09-18 14:24:14 --> Session: Class initialized using 'CodeIgniter\Session\Handlers\FileHandler' driver.
DEBUG - 2025-09-18 14:24:14 --> Evaluator ID from session: e68ca971133bec
DEBUG - 2025-09-18 14:24:14 --> Evaluator data fetched: {"e_id":"e68ca971133bec","e_first_name":"\u0e19\u0e32\u0e22\u0e1b\u0e34\u0e22\u0e30  ","e_last_name":"\u0e2d\u0e48\u0e33\u0e2a\u0e38\u0e1e\u0e23\u0e23\u0e13","e_position":"\u0e04\u0e23\u0e39","e_academic_standing":"\u0e04\u0e23\u0e39\u0e0a\u0e33\u0e19\u0e32\u0e0d\u0e01\u0e32\u0e23\u0e1e\u0e34\u0e40\u0e28\u0e29","e_organization":"\u0e42\u0e23\u0e07\u0e40\u0e23\u0e35\u0e22\u0e19\u0e2a\u0e15\u0e23\u0e35\u0e19\u0e04\u0e23\u0e2a\u0e27\u0e23\u0e23\u0e04\u0e4c","e_Username":"skj02","e_Password":"$2y$10$NOA8eaVIkbusZENy7SbrveRVrGDc0RoskEhI5FErcOVJwuzPPesLC"}
DEBUG - 2025-09-18 14:24:14 --> rawItemScores: []
INFO - 2025-09-18 14:24:41 --> Session: Class initialized using 'CodeIgniter\Session\Handlers\FileHandler' driver.
DEBUG - 2025-09-18 14:24:41 --> Attempting to save PA evaluation for personId: pers_006
DEBUG - 2025-09-18 14:24:41 --> Person ID pers_006 exists in tb_personnel: true
DEBUG - 2025-09-18 14:24:41 --> ItemScoreData to insert: {"is_id":"IS_68cbb3b9c0062","es_id":"ES_68cbb1c83367c","ri_id":"ri68caa1a43791b","is_score":"3","is_calculated_score":"3","is_notes":null}
DEBUG - 2025-09-18 14:24:41 --> ItemScoreData to insert: {"is_id":"IS_68cbb3b9c02b5","es_id":"ES_68cbb1c83367c","ri_id":"ri68caa4db89793","is_score":"3","is_calculated_score":"3","is_notes":null}
DEBUG - 2025-09-18 14:24:41 --> ItemScoreData to insert: {"is_id":"IS_68cbb3b9c047e","es_id":"ES_68cbb1c83367c","ri_id":"ri68caaeee70c4b","is_score":"3","is_calculated_score":"3","is_notes":null}
DEBUG - 2025-09-18 14:24:41 --> ItemScoreData to insert: {"is_id":"IS_68cbb3b9c12e5","es_id":"ES_68cbb1c83367c","ri_id":"ri68caab17ad4ea","is_score":"3","is_calculated_score":"3","is_notes":null}
DEBUG - 2025-09-18 14:24:41 --> ItemScoreData to insert: {"is_id":"IS_68cbb3b9c14f5","es_id":"ES_68cbb1c83367c","ri_id":"ri68caab3f7cba9","is_score":"3","is_calculated_score":"3","is_notes":null}
DEBUG - 2025-09-18 14:24:41 --> ItemScoreData to insert: {"is_id":"IS_68cbb3b9c16cb","es_id":"ES_68cbb1c83367c","ri_id":"ri68caab8b6aa92","is_score":"3","is_calculated_score":"3","is_notes":null}
DEBUG - 2025-09-18 14:24:41 --> ItemScoreData to insert: {"is_id":"IS_68cbb3b9c188b","es_id":"ES_68cbb1c83367c","ri_id":"ri68caae9124210","is_score":"3","is_calculated_score":"3","is_notes":null}
DEBUG - 2025-09-18 14:24:41 --> ItemScoreData to insert: {"is_id":"IS_68cbb3b9c1a43","es_id":"ES_68cbb1c83367c","ri_id":"ri68caae020ab7c","is_score":"3","is_calculated_score":"3","is_notes":null}
DEBUG - 2025-09-18 14:24:41 --> ItemScoreData to insert: {"is_id":"IS_68cbb3b9c1bd0","es_id":"ES_68cbb1c83367c","ri_id":"ri68cab2806113e","is_score":"3","is_calculated_score":"3","is_notes":null}
DEBUG - 2025-09-18 14:24:41 --> ItemScoreData to insert: {"is_id":"IS_68cbb3b9c1d60","es_id":"ES_68cbb1c83367c","ri_id":"ri68cb7c0c399a1","is_score":"3","is_calculated_score":"3","is_notes":null}
DEBUG - 2025-09-18 14:24:41 --> ItemScoreData to insert: {"is_id":"IS_68cbb3b9c1f07","es_id":"ES_68cbb1c83367c","ri_id":"ri68cb7d447f7fe","is_score":"3","is_calculated_score":"3","is_notes":null}
DEBUG - 2025-09-18 14:24:41 --> ItemScoreData to insert: {"is_id":"IS_68cbb3b9c20c6","es_id":"ES_68cbb1c83367c","ri_id":"ri68cb7f63f1a2b","is_score":"3","is_calculated_score":"3","is_notes":null}
DEBUG - 2025-09-18 14:24:41 --> ItemScoreData to insert: {"is_id":"IS_68cbb3b9c226c","es_id":"ES_68cbb1c83367c","ri_id":"ri68cb7fad49b3f","is_score":"3","is_calculated_score":"3","is_notes":null}
DEBUG - 2025-09-18 14:24:41 --> ItemScoreData to insert: {"is_id":"IS_68cbb3b9c2413","es_id":"ES_68cbb1c83367c","ri_id":"ri68cb7ff81f63b","is_score":"3","is_calculated_score":"3","is_notes":null}
DEBUG - 2025-09-18 14:24:41 --> ItemScoreData to insert: {"is_id":"IS_68cbb3b9c25d4","es_id":"ES_68cbb1c83367c","ri_id":"ri68cb801bb1e39","is_score":"3","is_calculated_score":"3","is_notes":null}
DEBUG - 2025-09-18 14:24:41 --> ItemScoreData to insert: {"is_id":"IS_68cbb3b9c2774","es_id":"ES_68cbb1c83367c","ri_id":"ri68cb8b959524e","is_score":"3","is_calculated_score":"15","is_notes":null}
DEBUG - 2025-09-18 14:24:41 --> ItemScoreData to insert: {"is_id":"IS_68cbb3b9c28f0","es_id":"ES_68cbb1c83367c","ri_id":"ri68cb8bd793967","is_score":"3","is_calculated_score":"7.5","is_notes":null}
DEBUG - 2025-09-18 14:24:41 --> ItemScoreData to insert: {"is_id":"IS_68cbb3b9c2a9d","es_id":"ES_68cbb1c83367c","ri_id":"ri68cb8bf0824f2","is_score":"3","is_calculated_score":"7.5","is_notes":null}
INFO - 2025-09-18 14:24:44 --> Session: Class initialized using 'CodeIgniter\Session\Handlers\FileHandler' driver.
DEBUG - 2025-09-18 14:24:44 --> Evaluator ID from session: e68ca971133bec
DEBUG - 2025-09-18 14:24:44 --> Evaluator data fetched: {"e_id":"e68ca971133bec","e_first_name":"\u0e19\u0e32\u0e22\u0e1b\u0e34\u0e22\u0e30  ","e_last_name":"\u0e2d\u0e48\u0e33\u0e2a\u0e38\u0e1e\u0e23\u0e23\u0e13","e_position":"\u0e04\u0e23\u0e39","e_academic_standing":"\u0e04\u0e23\u0e39\u0e0a\u0e33\u0e19\u0e32\u0e0d\u0e01\u0e32\u0e23\u0e1e\u0e34\u0e40\u0e28\u0e29","e_organization":"\u0e42\u0e23\u0e07\u0e40\u0e23\u0e35\u0e22\u0e19\u0e2a\u0e15\u0e23\u0e35\u0e19\u0e04\u0e23\u0e2a\u0e27\u0e23\u0e23\u0e04\u0e4c","e_Username":"skj02","e_Password":"$2y$10$NOA8eaVIkbusZENy7SbrveRVrGDc0RoskEhI5FErcOVJwuzPPesLC"}
DEBUG - 2025-09-18 14:24:44 --> rawItemScores: {"ri68caa1a43791b":"3","ri68caa4db89793":"3","ri68caaeee70c4b":"3","ri68caab17ad4ea":"3","ri68caab3f7cba9":"3","ri68caab8b6aa92":"3","ri68caae9124210":"3","ri68caae020ab7c":"3","ri68cab2806113e":"3","ri68cb7c0c399a1":"3","ri68cb7d447f7fe":"3","ri68cb7f63f1a2b":"3","ri68cb7fad49b3f":"3","ri68cb7ff81f63b":"3","ri68cb801bb1e39":"3","ri68cb8b959524e":"3","ri68cb8bd793967":"3","ri68cb8bf0824f2":"3"}
INFO - 2025-09-18 14:27:52 --> Session: Class initialized using 'CodeIgniter\Session\Handlers\FileHandler' driver.
DEBUG - 2025-09-18 14:27:52 --> Evaluator ID from session: e68ca971133bec
DEBUG - 2025-09-18 14:27:52 --> Evaluator data fetched: {"e_id":"e68ca971133bec","e_first_name":"\u0e19\u0e32\u0e22\u0e1b\u0e34\u0e22\u0e30  ","e_last_name":"\u0e2d\u0e48\u0e33\u0e2a\u0e38\u0e1e\u0e23\u0e23\u0e13","e_position":"\u0e04\u0e23\u0e39","e_academic_standing":"\u0e04\u0e23\u0e39\u0e0a\u0e33\u0e19\u0e32\u0e0d\u0e01\u0e32\u0e23\u0e1e\u0e34\u0e40\u0e28\u0e29","e_organization":"\u0e42\u0e23\u0e07\u0e40\u0e23\u0e35\u0e22\u0e19\u0e2a\u0e15\u0e23\u0e35\u0e19\u0e04\u0e23\u0e2a\u0e27\u0e23\u0e23\u0e04\u0e4c","e_Username":"skj02","e_Password":"$2y$10$NOA8eaVIkbusZENy7SbrveRVrGDc0RoskEhI5FErcOVJwuzPPesLC"}
DEBUG - 2025-09-18 14:27:52 --> rawItemScores: {"ri68caa1a43791b":"3","ri68caa4db89793":"3","ri68caaeee70c4b":"3","ri68caab17ad4ea":"3","ri68caab3f7cba9":"3","ri68caab8b6aa92":"3","ri68caae9124210":"3","ri68caae020ab7c":"3","ri68cab2806113e":"3","ri68cb7c0c399a1":"3","ri68cb7d447f7fe":"3","ri68cb7f63f1a2b":"3","ri68cb7fad49b3f":"3","ri68cb7ff81f63b":"3","ri68cb801bb1e39":"3","ri68cb8b959524e":"3","ri68cb8bd793967":"3","ri68cb8bf0824f2":"3"}
INFO - 2025-09-18 14:28:18 --> Session: Class initialized using 'CodeIgniter\Session\Handlers\FileHandler' driver.
DEBUG - 2025-09-18 14:28:18 --> Attempting to save PA evaluation for personId: pers_006
DEBUG - 2025-09-18 14:28:18 --> Person ID pers_006 exists in tb_personnel: true
DEBUG - 2025-09-18 14:28:18 --> ItemScoreData to insert: {"is_id":"IS_68cbb49253178","es_id":"ES_68cbb1c83367c","ri_id":"ri68caa1a43791b","is_score":"2","is_calculated_score":2,"is_notes":null}
DEBUG - 2025-09-18 14:28:18 --> ItemScoreData to insert: {"is_id":"IS_68cbb492540af","es_id":"ES_68cbb1c83367c","ri_id":"ri68caa4db89793","is_score":"2","is_calculated_score":2,"is_notes":null}
DEBUG - 2025-09-18 14:28:18 --> ItemScoreData to insert: {"is_id":"IS_68cbb492542b3","es_id":"ES_68cbb1c83367c","ri_id":"ri68caaeee70c4b","is_score":"3","is_calculated_score":3,"is_notes":null}
DEBUG - 2025-09-18 14:28:18 --> ItemScoreData to insert: {"is_id":"IS_68cbb49254482","es_id":"ES_68cbb1c83367c","ri_id":"ri68caab17ad4ea","is_score":"2","is_calculated_score":2,"is_notes":null}
DEBUG - 2025-09-18 14:28:18 --> ItemScoreData to insert: {"is_id":"IS_68cbb4925465a","es_id":"ES_68cbb1c83367c","ri_id":"ri68caab3f7cba9","is_score":"2","is_calculated_score":2,"is_notes":null}
DEBUG - 2025-09-18 14:28:18 --> ItemScoreData to insert: {"is_id":"IS_68cbb4925481c","es_id":"ES_68cbb1c83367c","ri_id":"ri68caab8b6aa92","is_score":"2","is_calculated_score":2,"is_notes":null}
DEBUG - 2025-09-18 14:28:18 --> ItemScoreData to insert: {"is_id":"IS_68cbb492549e9","es_id":"ES_68cbb1c83367c","ri_id":"ri68caae9124210","is_score":"2","is_calculated_score":2,"is_notes":null}
DEBUG - 2025-09-18 14:28:18 --> ItemScoreData to insert: {"is_id":"IS_68cbb49254bac","es_id":"ES_68cbb1c83367c","ri_id":"ri68caae020ab7c","is_score":"2","is_calculated_score":2,"is_notes":null}
DEBUG - 2025-09-18 14:28:18 --> ItemScoreData to insert: {"is_id":"IS_68cbb49254d79","es_id":"ES_68cbb1c83367c","ri_id":"ri68cab2806113e","is_score":"2","is_calculated_score":2,"is_notes":null}
DEBUG - 2025-09-18 14:28:18 --> ItemScoreData to insert: {"is_id":"IS_68cbb49254f32","es_id":"ES_68cbb1c83367c","ri_id":"ri68cb7c0c399a1","is_score":"2","is_calculated_score":2,"is_notes":null}
DEBUG - 2025-09-18 14:28:18 --> ItemScoreData to insert: {"is_id":"IS_68cbb492550c2","es_id":"ES_68cbb1c83367c","ri_id":"ri68cb7d447f7fe","is_score":"2","is_calculated_score":2,"is_notes":null}
DEBUG - 2025-09-18 14:28:18 --> ItemScoreData to insert: {"is_id":"IS_68cbb49255296","es_id":"ES_68cbb1c83367c","ri_id":"ri68cb7f63f1a2b","is_score":"2","is_calculated_score":2,"is_notes":null}
DEBUG - 2025-09-18 14:28:18 --> ItemScoreData to insert: {"is_id":"IS_68cbb49255461","es_id":"ES_68cbb1c83367c","ri_id":"ri68cb7fad49b3f","is_score":"2","is_calculated_score":2,"is_notes":null}
DEBUG - 2025-09-18 14:28:18 --> ItemScoreData to insert: {"is_id":"IS_68cbb4925561d","es_id":"ES_68cbb1c83367c","ri_id":"ri68cb7ff81f63b","is_score":"2","is_calculated_score":2,"is_notes":null}
DEBUG - 2025-09-18 14:28:18 --> ItemScoreData to insert: {"is_id":"IS_68cbb492557f0","es_id":"ES_68cbb1c83367c","ri_id":"ri68cb801bb1e39","is_score":"2","is_calculated_score":2,"is_notes":null}
DEBUG - 2025-09-18 14:28:18 --> ItemScoreData to insert: {"is_id":"IS_68cbb492559a0","es_id":"ES_68cbb1c83367c","ri_id":"ri68cb8b959524e","is_score":"2","is_calculated_score":10,"is_notes":null}
DEBUG - 2025-09-18 14:28:18 --> ItemScoreData to insert: {"is_id":"IS_68cbb49255b3e","es_id":"ES_68cbb1c83367c","ri_id":"ri68cb8bd793967","is_score":"2","is_calculated_score":5,"is_notes":null}
DEBUG - 2025-09-18 14:28:18 --> ItemScoreData to insert: {"is_id":"IS_68cbb49255ccb","es_id":"ES_68cbb1c83367c","ri_id":"ri68cb8bf0824f2","is_score":"2","is_calculated_score":5,"is_notes":null}
INFO - 2025-09-18 14:28:20 --> Session: Class initialized using 'CodeIgniter\Session\Handlers\FileHandler' driver.
DEBUG - 2025-09-18 14:28:20 --> Evaluator ID from session: e68ca971133bec
DEBUG - 2025-09-18 14:28:20 --> Evaluator data fetched: {"e_id":"e68ca971133bec","e_first_name":"\u0e19\u0e32\u0e22\u0e1b\u0e34\u0e22\u0e30  ","e_last_name":"\u0e2d\u0e48\u0e33\u0e2a\u0e38\u0e1e\u0e23\u0e23\u0e13","e_position":"\u0e04\u0e23\u0e39","e_academic_standing":"\u0e04\u0e23\u0e39\u0e0a\u0e33\u0e19\u0e32\u0e0d\u0e01\u0e32\u0e23\u0e1e\u0e34\u0e40\u0e28\u0e29","e_organization":"\u0e42\u0e23\u0e07\u0e40\u0e23\u0e35\u0e22\u0e19\u0e2a\u0e15\u0e23\u0e35\u0e19\u0e04\u0e23\u0e2a\u0e27\u0e23\u0e23\u0e04\u0e4c","e_Username":"skj02","e_Password":"$2y$10$NOA8eaVIkbusZENy7SbrveRVrGDc0RoskEhI5FErcOVJwuzPPesLC"}
DEBUG - 2025-09-18 14:28:20 --> rawItemScores: {"ri68caa1a43791b":"2","ri68caa4db89793":"2","ri68caaeee70c4b":"3","ri68caab17ad4ea":"2","ri68caab3f7cba9":"2","ri68caab8b6aa92":"2","ri68caae9124210":"2","ri68caae020ab7c":"2","ri68cab2806113e":"2","ri68cb7c0c399a1":"2","ri68cb7d447f7fe":"2","ri68cb7f63f1a2b":"2","ri68cb7fad49b3f":"2","ri68cb7ff81f63b":"2","ri68cb801bb1e39":"2","ri68cb8b959524e":"2","ri68cb8bd793967":"2","ri68cb8bf0824f2":"2"}
INFO - 2025-09-18 14:33:20 --> Session: Class initialized using 'CodeIgniter\Session\Handlers\FileHandler' driver.
DEBUG - 2025-09-18 14:33:20 --> Evaluator ID from session: e68ca971133bec
DEBUG - 2025-09-18 14:33:20 --> Evaluator data fetched: {"e_id":"e68ca971133bec","e_first_name":"\u0e19\u0e32\u0e22\u0e1b\u0e34\u0e22\u0e30  ","e_last_name":"\u0e2d\u0e48\u0e33\u0e2a\u0e38\u0e1e\u0e23\u0e23\u0e13","e_position":"\u0e04\u0e23\u0e39","e_academic_standing":"\u0e04\u0e23\u0e39\u0e0a\u0e33\u0e19\u0e32\u0e0d\u0e01\u0e32\u0e23\u0e1e\u0e34\u0e40\u0e28\u0e29","e_organization":"\u0e42\u0e23\u0e07\u0e40\u0e23\u0e35\u0e22\u0e19\u0e2a\u0e15\u0e23\u0e35\u0e19\u0e04\u0e23\u0e2a\u0e27\u0e23\u0e23\u0e04\u0e4c","e_Username":"skj02","e_Password":"$2y$10$NOA8eaVIkbusZENy7SbrveRVrGDc0RoskEhI5FErcOVJwuzPPesLC"}
DEBUG - 2025-09-18 14:33:20 --> rawItemScores: {"ri68caa1a43791b":"2","ri68caa4db89793":"2","ri68caaeee70c4b":"3","ri68caab17ad4ea":"2","ri68caab3f7cba9":"2","ri68caab8b6aa92":"2","ri68caae9124210":"2","ri68caae020ab7c":"2","ri68cab2806113e":"2","ri68cb7c0c399a1":"2","ri68cb7d447f7fe":"2","ri68cb7f63f1a2b":"2","ri68cb7fad49b3f":"2","ri68cb7ff81f63b":"2","ri68cb801bb1e39":"2","ri68cb8b959524e":"2","ri68cb8bd793967":"2","ri68cb8bf0824f2":"2"}
INFO - 2025-09-18 14:33:40 --> Session: Class initialized using 'CodeIgniter\Session\Handlers\FileHandler' driver.
DEBUG - 2025-09-18 14:33:40 --> Attempting to save PA evaluation for personId: pers_006
DEBUG - 2025-09-18 14:33:40 --> Person ID pers_006 exists in tb_personnel: true
DEBUG - 2025-09-18 14:33:40 --> ItemScoreData to insert: {"is_id":"IS_68cbb5d4990b6","es_id":"ES_68cbb1c83367c","ri_id":"ri68caa1a43791b","is_score":"3","is_calculated_score":3,"is_notes":null}
DEBUG - 2025-09-18 14:33:40 --> ItemScoreData to insert: {"is_id":"IS_68cbb5d499f9f","es_id":"ES_68cbb1c83367c","ri_id":"ri68caa4db89793","is_score":"3","is_calculated_score":3,"is_notes":null}
DEBUG - 2025-09-18 14:33:40 --> ItemScoreData to insert: {"is_id":"IS_68cbb5d49a212","es_id":"ES_68cbb1c83367c","ri_id":"ri68caaeee70c4b","is_score":"4","is_calculated_score":4,"is_notes":null}
DEBUG - 2025-09-18 14:33:40 --> ItemScoreData to insert: {"is_id":"IS_68cbb5d49a401","es_id":"ES_68cbb1c83367c","ri_id":"ri68caab17ad4ea","is_score":"3","is_calculated_score":3,"is_notes":null}
DEBUG - 2025-09-18 14:33:40 --> ItemScoreData to insert: {"is_id":"IS_68cbb5d49a612","es_id":"ES_68cbb1c83367c","ri_id":"ri68caab3f7cba9","is_score":"3","is_calculated_score":3,"is_notes":null}
DEBUG - 2025-09-18 14:33:40 --> ItemScoreData to insert: {"is_id":"IS_68cbb5d49a820","es_id":"ES_68cbb1c83367c","ri_id":"ri68caab8b6aa92","is_score":"3","is_calculated_score":3,"is_notes":null}
DEBUG - 2025-09-18 14:33:40 --> ItemScoreData to insert: {"is_id":"IS_68cbb5d49a9ed","es_id":"ES_68cbb1c83367c","ri_id":"ri68caae9124210","is_score":"3","is_calculated_score":3,"is_notes":null}
DEBUG - 2025-09-18 14:33:40 --> ItemScoreData to insert: {"is_id":"IS_68cbb5d49ab7e","es_id":"ES_68cbb1c83367c","ri_id":"ri68caae020ab7c","is_score":"3","is_calculated_score":3,"is_notes":null}
DEBUG - 2025-09-18 14:33:40 --> ItemScoreData to insert: {"is_id":"IS_68cbb5d49ad65","es_id":"ES_68cbb1c83367c","ri_id":"ri68cab2806113e","is_score":"3","is_calculated_score":3,"is_notes":null}
DEBUG - 2025-09-18 14:33:40 --> ItemScoreData to insert: {"is_id":"IS_68cbb5d49af08","es_id":"ES_68cbb1c83367c","ri_id":"ri68cb7c0c399a1","is_score":"3","is_calculated_score":3,"is_notes":null}
DEBUG - 2025-09-18 14:33:40 --> ItemScoreData to insert: {"is_id":"IS_68cbb5d49b0a7","es_id":"ES_68cbb1c83367c","ri_id":"ri68cb7d447f7fe","is_score":"3","is_calculated_score":3,"is_notes":null}
DEBUG - 2025-09-18 14:33:40 --> ItemScoreData to insert: {"is_id":"IS_68cbb5d49b222","es_id":"ES_68cbb1c83367c","ri_id":"ri68cb7f63f1a2b","is_score":"3","is_calculated_score":3,"is_notes":null}
DEBUG - 2025-09-18 14:33:40 --> ItemScoreData to insert: {"is_id":"IS_68cbb5d49b3ca","es_id":"ES_68cbb1c83367c","ri_id":"ri68cb7fad49b3f","is_score":"3","is_calculated_score":3,"is_notes":null}
DEBUG - 2025-09-18 14:33:40 --> ItemScoreData to insert: {"is_id":"IS_68cbb5d49b55b","es_id":"ES_68cbb1c83367c","ri_id":"ri68cb7ff81f63b","is_score":"3","is_calculated_score":3,"is_notes":null}
DEBUG - 2025-09-18 14:33:40 --> ItemScoreData to insert: {"is_id":"IS_68cbb5d49b70b","es_id":"ES_68cbb1c83367c","ri_id":"ri68cb801bb1e39","is_score":"3","is_calculated_score":3,"is_notes":null}
DEBUG - 2025-09-18 14:33:40 --> ItemScoreData to insert: {"is_id":"IS_68cbb5d49b8dc","es_id":"ES_68cbb1c83367c","ri_id":"ri68cb8b959524e","is_score":"3","is_calculated_score":15,"is_notes":null}
DEBUG - 2025-09-18 14:33:40 --> ItemScoreData to insert: {"is_id":"IS_68cbb5d49ba97","es_id":"ES_68cbb1c83367c","ri_id":"ri68cb8bd793967","is_score":"3","is_calculated_score":7.5,"is_notes":null}
DEBUG - 2025-09-18 14:33:40 --> ItemScoreData to insert: {"is_id":"IS_68cbb5d49bc14","es_id":"ES_68cbb1c83367c","ri_id":"ri68cb8bf0824f2","is_score":"3","is_calculated_score":7.5,"is_notes":null}
INFO - 2025-09-18 14:33:50 --> Session: Class initialized using 'CodeIgniter\Session\Handlers\FileHandler' driver.
DEBUG - 2025-09-18 14:33:50 --> Evaluator ID from session: e68ca971133bec
DEBUG - 2025-09-18 14:33:50 --> Evaluator data fetched: {"e_id":"e68ca971133bec","e_first_name":"\u0e19\u0e32\u0e22\u0e1b\u0e34\u0e22\u0e30  ","e_last_name":"\u0e2d\u0e48\u0e33\u0e2a\u0e38\u0e1e\u0e23\u0e23\u0e13","e_position":"\u0e04\u0e23\u0e39","e_academic_standing":"\u0e04\u0e23\u0e39\u0e0a\u0e33\u0e19\u0e32\u0e0d\u0e01\u0e32\u0e23\u0e1e\u0e34\u0e40\u0e28\u0e29","e_organization":"\u0e42\u0e23\u0e07\u0e40\u0e23\u0e35\u0e22\u0e19\u0e2a\u0e15\u0e23\u0e35\u0e19\u0e04\u0e23\u0e2a\u0e27\u0e23\u0e23\u0e04\u0e4c","e_Username":"skj02","e_Password":"$2y$10$NOA8eaVIkbusZENy7SbrveRVrGDc0RoskEhI5FErcOVJwuzPPesLC"}
DEBUG - 2025-09-18 14:33:50 --> rawItemScores: {"ri68caa1a43791b":"3","ri68caa4db89793":"3","ri68caaeee70c4b":"4","ri68caab17ad4ea":"3","ri68caab3f7cba9":"3","ri68caab8b6aa92":"3","ri68caae9124210":"3","ri68caae020ab7c":"3","ri68cab2806113e":"3","ri68cb7c0c399a1":"3","ri68cb7d447f7fe":"3","ri68cb7f63f1a2b":"3","ri68cb7fad49b3f":"3","ri68cb7ff81f63b":"3","ri68cb801bb1e39":"3","ri68cb8b959524e":"3","ri68cb8bd793967":"3","ri68cb8bf0824f2":"3"}
INFO - 2025-09-18 14:35:27 --> Session: Class initialized using 'CodeIgniter\Session\Handlers\FileHandler' driver.
DEBUG - 2025-09-18 14:35:27 --> Attempting to save PA evaluation for personId: pers_006
DEBUG - 2025-09-18 14:35:27 --> Person ID pers_006 exists in tb_personnel: true
DEBUG - 2025-09-18 14:35:27 --> ItemScoreData to insert: {"is_id":"IS_68cbb63f0d3b0","es_id":"ES_68cbb1c83367c","ri_id":"ri68caa1a43791b","is_score":"3","is_calculated_score":3,"is_notes":null}
DEBUG - 2025-09-18 14:35:27 --> ItemScoreData to insert: {"is_id":"IS_68cbb63f0e231","es_id":"ES_68cbb1c83367c","ri_id":"ri68caa4db89793","is_score":"2","is_calculated_score":2,"is_notes":null}
DEBUG - 2025-09-18 14:35:27 --> ItemScoreData to insert: {"is_id":"IS_68cbb63f0e4b6","es_id":"ES_68cbb1c83367c","ri_id":"ri68caaeee70c4b","is_score":"1","is_calculated_score":1,"is_notes":null}
DEBUG - 2025-09-18 14:35:27 --> ItemScoreData to insert: {"is_id":"IS_68cbb63f0e74d","es_id":"ES_68cbb1c83367c","ri_id":"ri68caab17ad4ea","is_score":"2","is_calculated_score":2,"is_notes":null}
DEBUG - 2025-09-18 14:35:27 --> ItemScoreData to insert: {"is_id":"IS_68cbb63f0e96b","es_id":"ES_68cbb1c83367c","ri_id":"ri68caab3f7cba9","is_score":"2","is_calculated_score":2,"is_notes":null}
DEBUG - 2025-09-18 14:35:27 --> ItemScoreData to insert: {"is_id":"IS_68cbb63f0eb95","es_id":"ES_68cbb1c83367c","ri_id":"ri68caab8b6aa92","is_score":"3","is_calculated_score":3,"is_notes":null}
DEBUG - 2025-09-18 14:35:27 --> ItemScoreData to insert: {"is_id":"IS_68cbb63f0edbd","es_id":"ES_68cbb1c83367c","ri_id":"ri68caae9124210","is_score":"2","is_calculated_score":2,"is_notes":null}
DEBUG - 2025-09-18 14:35:27 --> ItemScoreData to insert: {"is_id":"IS_68cbb63f0ef70","es_id":"ES_68cbb1c83367c","ri_id":"ri68caae020ab7c","is_score":"4","is_calculated_score":4,"is_notes":null}
DEBUG - 2025-09-18 14:35:27 --> ItemScoreData to insert: {"is_id":"IS_68cbb63f0f112","es_id":"ES_68cbb1c83367c","ri_id":"ri68cab2806113e","is_score":"3","is_calculated_score":3,"is_notes":null}
DEBUG - 2025-09-18 14:35:27 --> ItemScoreData to insert: {"is_id":"IS_68cbb63f0f2bb","es_id":"ES_68cbb1c83367c","ri_id":"ri68cb7c0c399a1","is_score":"3","is_calculated_score":3,"is_notes":null}
DEBUG - 2025-09-18 14:35:27 --> ItemScoreData to insert: {"is_id":"IS_68cbb63f0f48e","es_id":"ES_68cbb1c83367c","ri_id":"ri68cb7d447f7fe","is_score":"2","is_calculated_score":2,"is_notes":null}
DEBUG - 2025-09-18 14:35:27 --> ItemScoreData to insert: {"is_id":"IS_68cbb63f0f62f","es_id":"ES_68cbb1c83367c","ri_id":"ri68cb7f63f1a2b","is_score":"1","is_calculated_score":1,"is_notes":null}
DEBUG - 2025-09-18 14:35:27 --> ItemScoreData to insert: {"is_id":"IS_68cbb63f0f7ea","es_id":"ES_68cbb1c83367c","ri_id":"ri68cb7fad49b3f","is_score":"2","is_calculated_score":2,"is_notes":null}
DEBUG - 2025-09-18 14:35:27 --> ItemScoreData to insert: {"is_id":"IS_68cbb63f0f9b2","es_id":"ES_68cbb1c83367c","ri_id":"ri68cb7ff81f63b","is_score":"3","is_calculated_score":3,"is_notes":null}
DEBUG - 2025-09-18 14:35:27 --> ItemScoreData to insert: {"is_id":"IS_68cbb63f0fb51","es_id":"ES_68cbb1c83367c","ri_id":"ri68cb801bb1e39","is_score":"4","is_calculated_score":4,"is_notes":null}
DEBUG - 2025-09-18 14:35:27 --> ItemScoreData to insert: {"is_id":"IS_68cbb63f0fd04","es_id":"ES_68cbb1c83367c","ri_id":"ri68cb8b959524e","is_score":"3","is_calculated_score":15,"is_notes":null}
DEBUG - 2025-09-18 14:35:27 --> ItemScoreData to insert: {"is_id":"IS_68cbb63f0fee8","es_id":"ES_68cbb1c83367c","ri_id":"ri68cb8bd793967","is_score":"2","is_calculated_score":5,"is_notes":null}
DEBUG - 2025-09-18 14:35:27 --> ItemScoreData to insert: {"is_id":"IS_68cbb63f100b1","es_id":"ES_68cbb1c83367c","ri_id":"ri68cb8bf0824f2","is_score":"1","is_calculated_score":2.5,"is_notes":null}
INFO - 2025-09-18 14:35:30 --> Session: Class initialized using 'CodeIgniter\Session\Handlers\FileHandler' driver.
DEBUG - 2025-09-18 14:35:30 --> Evaluator ID from session: e68ca971133bec
DEBUG - 2025-09-18 14:35:30 --> Evaluator data fetched: {"e_id":"e68ca971133bec","e_first_name":"\u0e19\u0e32\u0e22\u0e1b\u0e34\u0e22\u0e30  ","e_last_name":"\u0e2d\u0e48\u0e33\u0e2a\u0e38\u0e1e\u0e23\u0e23\u0e13","e_position":"\u0e04\u0e23\u0e39","e_academic_standing":"\u0e04\u0e23\u0e39\u0e0a\u0e33\u0e19\u0e32\u0e0d\u0e01\u0e32\u0e23\u0e1e\u0e34\u0e40\u0e28\u0e29","e_organization":"\u0e42\u0e23\u0e07\u0e40\u0e23\u0e35\u0e22\u0e19\u0e2a\u0e15\u0e23\u0e35\u0e19\u0e04\u0e23\u0e2a\u0e27\u0e23\u0e23\u0e04\u0e4c","e_Username":"skj02","e_Password":"$2y$10$NOA8eaVIkbusZENy7SbrveRVrGDc0RoskEhI5FErcOVJwuzPPesLC"}
DEBUG - 2025-09-18 14:35:30 --> rawItemScores: {"ri68caa1a43791b":"3","ri68caa4db89793":"2","ri68caaeee70c4b":"1","ri68caab17ad4ea":"2","ri68caab3f7cba9":"2","ri68caab8b6aa92":"3","ri68caae9124210":"2","ri68caae020ab7c":"4","ri68cab2806113e":"3","ri68cb7c0c399a1":"3","ri68cb7d447f7fe":"2","ri68cb7f63f1a2b":"1","ri68cb7fad49b3f":"2","ri68cb7ff81f63b":"3","ri68cb801bb1e39":"4","ri68cb8b959524e":"3","ri68cb8bd793967":"2","ri68cb8bf0824f2":"1"}
INFO - 2025-09-18 14:36:04 --> Session: Class initialized using 'CodeIgniter\Session\Handlers\FileHandler' driver.
INFO - 2025-09-18 14:36:04 --> Session: Class initialized using 'CodeIgniter\Session\Handlers\FileHandler' driver.
INFO - 2025-09-18 14:36:04 --> Session: Class initialized using 'CodeIgniter\Session\Handlers\FileHandler' driver.
INFO - 2025-09-18 14:36:06 --> Session: Class initialized using 'CodeIgniter\Session\Handlers\FileHandler' driver.
INFO - 2025-09-18 14:36:08 --> Session: Class initialized using 'CodeIgniter\Session\Handlers\FileHandler' driver.
INFO - 2025-09-18 14:36:09 --> Session: Class initialized using 'CodeIgniter\Session\Handlers\FileHandler' driver.
INFO - 2025-09-18 14:36:11 --> Session: Class initialized using 'CodeIgniter\Session\Handlers\FileHandler' driver.
INFO - 2025-09-18 14:36:15 --> Session: Class initialized using 'CodeIgniter\Session\Handlers\FileHandler' driver.
INFO - 2025-09-18 14:36:25 --> Session: Class initialized using 'CodeIgniter\Session\Handlers\FileHandler' driver.
INFO - 2025-09-18 14:36:25 --> Session: Class initialized using 'CodeIgniter\Session\Handlers\FileHandler' driver.
INFO - 2025-09-18 14:39:55 --> Session: Class initialized using 'CodeIgniter\Session\Handlers\FileHandler' driver.
INFO - 2025-09-18 14:39:55 --> Session: Class initialized using 'CodeIgniter\Session\Handlers\FileHandler' driver.
INFO - 2025-09-18 14:40:39 --> Session: Class initialized using 'CodeIgniter\Session\Handlers\FileHandler' driver.
INFO - 2025-09-18 14:40:39 --> Session: Class initialized using 'CodeIgniter\Session\Handlers\FileHandler' driver.
INFO - 2025-09-18 14:40:40 --> Session: Class initialized using 'CodeIgniter\Session\Handlers\FileHandler' driver.
INFO - 2025-09-18 14:40:55 --> Session: Class initialized using 'CodeIgniter\Session\Handlers\FileHandler' driver.
INFO - 2025-09-18 14:40:55 --> Session: Class initialized using 'CodeIgniter\Session\Handlers\FileHandler' driver.
INFO - 2025-09-18 14:41:11 --> Session: Class initialized using 'CodeIgniter\Session\Handlers\FileHandler' driver.
DEBUG - 2025-09-18 14:41:11 --> Evaluator ID from session: 1
DEBUG - 2025-09-18 14:41:11 --> Evaluator data fetched: {"e_id":"1","e_first_name":"\u0e19\u0e32\u0e22\u0e1e\u0e07\u0e29\u0e4c\u0e28\u0e31\u0e01\u0e14\u0e34\u0e4c","e_last_name":"\u0e40\u0e07\u0e34\u0e19\u0e2a\u0e31\u0e19\u0e40\u0e17\u0e35\u0e22\u0e30","e_position":"\u0e1c\u0e39\u0e49\u0e2d\u0e33\u0e19\u0e27\u0e22\u0e01\u0e32\u0e23\u0e2a\u0e16\u0e32\u0e19\u0e28\u0e36\u0e01\u0e29\u0e32","e_academic_standing":"\u0e0a\u0e33\u0e19\u0e32\u0e0d\u0e01\u0e32\u0e23","e_organization":"\u0e42\u0e23\u0e07\u0e40\u0e23\u0e35\u0e22\u0e19\u0e2a\u0e27\u0e19\u0e01\u0e38\u0e2b\u0e25\u0e32\u0e1a\u0e27\u0e34\u0e17\u0e22\u0e32\u0e25\u0e31\u0e22 (\u0e08\u0e34\u0e23\u0e1b\u0e23\u0e30\u0e27\u0e31\u0e15\u0e34) \u0e19\u0e04\u0e23\u0e2a\u0e27\u0e23\u0e23\u0e04\u0e4c","e_Username":"pongsan","e_Password":"$2y$10$NOA8eaVIkbusZENy7SbrveRVrGDc0RoskEhI5FErcOVJwuzPPesLC"}
DEBUG - 2025-09-18 14:41:11 --> rawItemScores: []
INFO - 2025-09-18 14:47:19 --> Session: Class initialized using 'CodeIgniter\Session\Handlers\FileHandler' driver.
INFO - 2025-09-18 14:47:39 --> Session: Class initialized using 'CodeIgniter\Session\Handlers\FileHandler' driver.
INFO - 2025-09-18 14:47:39 --> Session: Class initialized using 'CodeIgniter\Session\Handlers\FileHandler' driver.
INFO - 2025-09-18 14:47:49 --> Session: Class initialized using 'CodeIgniter\Session\Handlers\FileHandler' driver.
INFO - 2025-09-18 14:47:49 --> Session: Class initialized using 'CodeIgniter\Session\Handlers\FileHandler' driver.
INFO - 2025-09-18 14:48:03 --> Session: Class initialized using 'CodeIgniter\Session\Handlers\FileHandler' driver.
DEBUG - 2025-09-18 14:48:03 --> Evaluator ID from session: 1
DEBUG - 2025-09-18 14:48:03 --> Evaluator data fetched: {"e_id":"1","e_first_name":"\u0e19\u0e32\u0e22\u0e1e\u0e07\u0e29\u0e4c\u0e28\u0e31\u0e01\u0e14\u0e34\u0e4c","e_last_name":"\u0e40\u0e07\u0e34\u0e19\u0e2a\u0e31\u0e19\u0e40\u0e17\u0e35\u0e22\u0e30","e_position":"\u0e1c\u0e39\u0e49\u0e2d\u0e33\u0e19\u0e27\u0e22\u0e01\u0e32\u0e23\u0e2a\u0e16\u0e32\u0e19\u0e28\u0e36\u0e01\u0e29\u0e32","e_academic_standing":"\u0e0a\u0e33\u0e19\u0e32\u0e0d\u0e01\u0e32\u0e23","e_organization":"\u0e42\u0e23\u0e07\u0e40\u0e23\u0e35\u0e22\u0e19\u0e2a\u0e27\u0e19\u0e01\u0e38\u0e2b\u0e25\u0e32\u0e1a\u0e27\u0e34\u0e17\u0e22\u0e32\u0e25\u0e31\u0e22 (\u0e08\u0e34\u0e23\u0e1b\u0e23\u0e30\u0e27\u0e31\u0e15\u0e34) \u0e19\u0e04\u0e23\u0e2a\u0e27\u0e23\u0e23\u0e04\u0e4c","e_Username":"pongsan","e_Password":"$2y$10$NOA8eaVIkbusZENy7SbrveRVrGDc0RoskEhI5FErcOVJwuzPPesLC"}
DEBUG - 2025-09-18 14:48:03 --> rawItemScores: []
INFO - 2025-09-18 14:48:08 --> Session: Class initialized using 'CodeIgniter\Session\Handlers\FileHandler' driver.
INFO - 2025-09-18 14:48:12 --> Session: Class initialized using 'CodeIgniter\Session\Handlers\FileHandler' driver.
DEBUG - 2025-09-18 14:48:12 --> Evaluator ID from session: 1
DEBUG - 2025-09-18 14:48:12 --> Evaluator data fetched: {"e_id":"1","e_first_name":"\u0e19\u0e32\u0e22\u0e1e\u0e07\u0e29\u0e4c\u0e28\u0e31\u0e01\u0e14\u0e34\u0e4c","e_last_name":"\u0e40\u0e07\u0e34\u0e19\u0e2a\u0e31\u0e19\u0e40\u0e17\u0e35\u0e22\u0e30","e_position":"\u0e1c\u0e39\u0e49\u0e2d\u0e33\u0e19\u0e27\u0e22\u0e01\u0e32\u0e23\u0e2a\u0e16\u0e32\u0e19\u0e28\u0e36\u0e01\u0e29\u0e32","e_academic_standing":"\u0e0a\u0e33\u0e19\u0e32\u0e0d\u0e01\u0e32\u0e23","e_organization":"\u0e42\u0e23\u0e07\u0e40\u0e23\u0e35\u0e22\u0e19\u0e2a\u0e27\u0e19\u0e01\u0e38\u0e2b\u0e25\u0e32\u0e1a\u0e27\u0e34\u0e17\u0e22\u0e32\u0e25\u0e31\u0e22 (\u0e08\u0e34\u0e23\u0e1b\u0e23\u0e30\u0e27\u0e31\u0e15\u0e34) \u0e19\u0e04\u0e23\u0e2a\u0e27\u0e23\u0e23\u0e04\u0e4c","e_Username":"pongsan","e_Password":"$2y$10$NOA8eaVIkbusZENy7SbrveRVrGDc0RoskEhI5FErcOVJwuzPPesLC"}
DEBUG - 2025-09-18 14:48:12 --> rawItemScores: []
INFO - 2025-09-18 14:48:40 --> Session: Class initialized using 'CodeIgniter\Session\Handlers\FileHandler' driver.
DEBUG - 2025-09-18 14:48:40 --> Attempting to save PA evaluation for personId: pers_005
DEBUG - 2025-09-18 14:48:40 --> Person ID pers_005 exists in tb_personnel: true
DEBUG - 2025-09-18 14:48:40 --> ItemScoreData to insert: {"is_id":"IS_68cbb9584d583","es_id":"ES_68cbb9584d431","ri_id":"ri68caa1a43791b","is_score":"1","is_calculated_score":1,"is_notes":null}
DEBUG - 2025-09-18 14:48:40 --> ItemScoreData to insert: {"is_id":"IS_68cbb9584e2d7","es_id":"ES_68cbb9584d431","ri_id":"ri68caa4db89793","is_score":"2","is_calculated_score":2,"is_notes":null}
DEBUG - 2025-09-18 14:48:40 --> ItemScoreData to insert: {"is_id":"IS_68cbb9584e577","es_id":"ES_68cbb9584d431","ri_id":"ri68caaeee70c4b","is_score":"3","is_calculated_score":3,"is_notes":null}
DEBUG - 2025-09-18 14:48:40 --> ItemScoreData to insert: {"is_id":"IS_68cbb9584e763","es_id":"ES_68cbb9584d431","ri_id":"ri68caab17ad4ea","is_score":"4","is_calculated_score":4,"is_notes":null}
DEBUG - 2025-09-18 14:48:40 --> ItemScoreData to insert: {"is_id":"IS_68cbb9584e930","es_id":"ES_68cbb9584d431","ri_id":"ri68caab3f7cba9","is_score":"3","is_calculated_score":3,"is_notes":null}
DEBUG - 2025-09-18 14:48:40 --> ItemScoreData to insert: {"is_id":"IS_68cbb9584f78a","es_id":"ES_68cbb9584d431","ri_id":"ri68caab8b6aa92","is_score":"2","is_calculated_score":2,"is_notes":null}
DEBUG - 2025-09-18 14:48:40 --> ItemScoreData to insert: {"is_id":"IS_68cbb9584f974","es_id":"ES_68cbb9584d431","ri_id":"ri68caae9124210","is_score":"1","is_calculated_score":1,"is_notes":null}
DEBUG - 2025-09-18 14:48:40 --> ItemScoreData to insert: {"is_id":"IS_68cbb9584fb69","es_id":"ES_68cbb9584d431","ri_id":"ri68caae020ab7c","is_score":"2","is_calculated_score":2,"is_notes":null}
DEBUG - 2025-09-18 14:48:40 --> ItemScoreData to insert: {"is_id":"IS_68cbb9584fd4e","es_id":"ES_68cbb9584d431","ri_id":"ri68cab2806113e","is_score":"2","is_calculated_score":2,"is_notes":null}
DEBUG - 2025-09-18 14:48:40 --> ItemScoreData to insert: {"is_id":"IS_68cbb9584ff14","es_id":"ES_68cbb9584d431","ri_id":"ri68cb7c0c399a1","is_score":"3","is_calculated_score":3,"is_notes":null}
DEBUG - 2025-09-18 14:48:40 --> ItemScoreData to insert: {"is_id":"IS_68cbb958500d9","es_id":"ES_68cbb9584d431","ri_id":"ri68cb7d447f7fe","is_score":"3","is_calculated_score":3,"is_notes":null}
DEBUG - 2025-09-18 14:48:40 --> ItemScoreData to insert: {"is_id":"IS_68cbb958502aa","es_id":"ES_68cbb9584d431","ri_id":"ri68cb7f63f1a2b","is_score":"3","is_calculated_score":3,"is_notes":null}
DEBUG - 2025-09-18 14:48:40 --> ItemScoreData to insert: {"is_id":"IS_68cbb95850473","es_id":"ES_68cbb9584d431","ri_id":"ri68cb7fad49b3f","is_score":"3","is_calculated_score":3,"is_notes":null}
DEBUG - 2025-09-18 14:48:40 --> ItemScoreData to insert: {"is_id":"IS_68cbb95850645","es_id":"ES_68cbb9584d431","ri_id":"ri68cb7ff81f63b","is_score":"2","is_calculated_score":2,"is_notes":null}
DEBUG - 2025-09-18 14:48:40 --> ItemScoreData to insert: {"is_id":"IS_68cbb958507fc","es_id":"ES_68cbb9584d431","ri_id":"ri68cb801bb1e39","is_score":"2","is_calculated_score":2,"is_notes":null}
DEBUG - 2025-09-18 14:48:40 --> ItemScoreData to insert: {"is_id":"IS_68cbb958509b4","es_id":"ES_68cbb9584d431","ri_id":"ri68cb8b959524e","is_score":"2","is_calculated_score":10,"is_notes":null}
DEBUG - 2025-09-18 14:48:40 --> ItemScoreData to insert: {"is_id":"IS_68cbb95850b53","es_id":"ES_68cbb9584d431","ri_id":"ri68cb8bd793967","is_score":"2","is_calculated_score":5,"is_notes":null}
DEBUG - 2025-09-18 14:48:40 --> ItemScoreData to insert: {"is_id":"IS_68cbb95850d03","es_id":"ES_68cbb9584d431","ri_id":"ri68cb8bf0824f2","is_score":"1","is_calculated_score":2.5,"is_notes":null}
INFO - 2025-09-18 14:48:45 --> Session: Class initialized using 'CodeIgniter\Session\Handlers\FileHandler' driver.
DEBUG - 2025-09-18 14:48:45 --> Evaluator ID from session: 1
DEBUG - 2025-09-18 14:48:45 --> Evaluator data fetched: {"e_id":"1","e_first_name":"\u0e19\u0e32\u0e22\u0e1e\u0e07\u0e29\u0e4c\u0e28\u0e31\u0e01\u0e14\u0e34\u0e4c","e_last_name":"\u0e40\u0e07\u0e34\u0e19\u0e2a\u0e31\u0e19\u0e40\u0e17\u0e35\u0e22\u0e30","e_position":"\u0e1c\u0e39\u0e49\u0e2d\u0e33\u0e19\u0e27\u0e22\u0e01\u0e32\u0e23\u0e2a\u0e16\u0e32\u0e19\u0e28\u0e36\u0e01\u0e29\u0e32","e_academic_standing":"\u0e0a\u0e33\u0e19\u0e32\u0e0d\u0e01\u0e32\u0e23","e_organization":"\u0e42\u0e23\u0e07\u0e40\u0e23\u0e35\u0e22\u0e19\u0e2a\u0e27\u0e19\u0e01\u0e38\u0e2b\u0e25\u0e32\u0e1a\u0e27\u0e34\u0e17\u0e22\u0e32\u0e25\u0e31\u0e22 (\u0e08\u0e34\u0e23\u0e1b\u0e23\u0e30\u0e27\u0e31\u0e15\u0e34) \u0e19\u0e04\u0e23\u0e2a\u0e27\u0e23\u0e23\u0e04\u0e4c","e_Username":"pongsan","e_Password":"$2y$10$NOA8eaVIkbusZENy7SbrveRVrGDc0RoskEhI5FErcOVJwuzPPesLC"}
DEBUG - 2025-09-18 14:48:45 --> rawItemScores: {"ri68caa1a43791b":"1","ri68caa4db89793":"2","ri68caaeee70c4b":"3","ri68caab17ad4ea":"4","ri68caab3f7cba9":"3","ri68caab8b6aa92":"2","ri68caae9124210":"1","ri68caae020ab7c":"2","ri68cab2806113e":"2","ri68cb7c0c399a1":"3","ri68cb7d447f7fe":"3","ri68cb7f63f1a2b":"3","ri68cb7fad49b3f":"3","ri68cb7ff81f63b":"2","ri68cb801bb1e39":"2","ri68cb8b959524e":"2","ri68cb8bd793967":"2","ri68cb8bf0824f2":"1"}
INFO - 2025-09-18 14:49:04 --> Session: Class initialized using 'CodeIgniter\Session\Handlers\FileHandler' driver.
DEBUG - 2025-09-18 14:49:04 --> Attempting to save PA evaluation for personId: pers_005
DEBUG - 2025-09-18 14:49:04 --> Person ID pers_005 exists in tb_personnel: true
DEBUG - 2025-09-18 14:49:04 --> ItemScoreData to insert: {"is_id":"IS_68cbb970dac52","es_id":"ES_68cbb9584d431","ri_id":"ri68caa1a43791b","is_score":"1","is_calculated_score":1,"is_notes":null}
DEBUG - 2025-09-18 14:49:04 --> ItemScoreData to insert: {"is_id":"IS_68cbb970dbba3","es_id":"ES_68cbb9584d431","ri_id":"ri68caa4db89793","is_score":"2","is_calculated_score":2,"is_notes":null}
DEBUG - 2025-09-18 14:49:04 --> ItemScoreData to insert: {"is_id":"IS_68cbb970dbdb1","es_id":"ES_68cbb9584d431","ri_id":"ri68caaeee70c4b","is_score":"3","is_calculated_score":3,"is_notes":null}
DEBUG - 2025-09-18 14:49:04 --> ItemScoreData to insert: {"is_id":"IS_68cbb970dbf80","es_id":"ES_68cbb9584d431","ri_id":"ri68caab17ad4ea","is_score":"4","is_calculated_score":4,"is_notes":null}
DEBUG - 2025-09-18 14:49:04 --> ItemScoreData to insert: {"is_id":"IS_68cbb970dc158","es_id":"ES_68cbb9584d431","ri_id":"ri68caab3f7cba9","is_score":"3","is_calculated_score":3,"is_notes":null}
DEBUG - 2025-09-18 14:49:04 --> ItemScoreData to insert: {"is_id":"IS_68cbb970dc333","es_id":"ES_68cbb9584d431","ri_id":"ri68caab8b6aa92","is_score":"2","is_calculated_score":2,"is_notes":null}
DEBUG - 2025-09-18 14:49:04 --> ItemScoreData to insert: {"is_id":"IS_68cbb970dc578","es_id":"ES_68cbb9584d431","ri_id":"ri68caae9124210","is_score":"1","is_calculated_score":1,"is_notes":null}
DEBUG - 2025-09-18 14:49:04 --> ItemScoreData to insert: {"is_id":"IS_68cbb970dc806","es_id":"ES_68cbb9584d431","ri_id":"ri68caae020ab7c","is_score":"2","is_calculated_score":2,"is_notes":null}
DEBUG - 2025-09-18 14:49:04 --> ItemScoreData to insert: {"is_id":"IS_68cbb970dca5c","es_id":"ES_68cbb9584d431","ri_id":"ri68cab2806113e","is_score":"2","is_calculated_score":2,"is_notes":null}
DEBUG - 2025-09-18 14:49:04 --> ItemScoreData to insert: {"is_id":"IS_68cbb970dccaa","es_id":"ES_68cbb9584d431","ri_id":"ri68cb7c0c399a1","is_score":"3","is_calculated_score":3,"is_notes":null}
DEBUG - 2025-09-18 14:49:04 --> ItemScoreData to insert: {"is_id":"IS_68cbb970dce9a","es_id":"ES_68cbb9584d431","ri_id":"ri68cb7d447f7fe","is_score":"3","is_calculated_score":3,"is_notes":null}
DEBUG - 2025-09-18 14:49:04 --> ItemScoreData to insert: {"is_id":"IS_68cbb970dd058","es_id":"ES_68cbb9584d431","ri_id":"ri68cb7f63f1a2b","is_score":"3","is_calculated_score":3,"is_notes":null}
DEBUG - 2025-09-18 14:49:04 --> ItemScoreData to insert: {"is_id":"IS_68cbb970dd217","es_id":"ES_68cbb9584d431","ri_id":"ri68cb7fad49b3f","is_score":"4","is_calculated_score":4,"is_notes":null}
DEBUG - 2025-09-18 14:49:04 --> ItemScoreData to insert: {"is_id":"IS_68cbb970dd3e7","es_id":"ES_68cbb9584d431","ri_id":"ri68cb7ff81f63b","is_score":"4","is_calculated_score":4,"is_notes":null}
DEBUG - 2025-09-18 14:49:04 --> ItemScoreData to insert: {"is_id":"IS_68cbb970dd597","es_id":"ES_68cbb9584d431","ri_id":"ri68cb801bb1e39","is_score":"4","is_calculated_score":4,"is_notes":null}
DEBUG - 2025-09-18 14:49:04 --> ItemScoreData to insert: {"is_id":"IS_68cbb970dd758","es_id":"ES_68cbb9584d431","ri_id":"ri68cb8b959524e","is_score":"4","is_calculated_score":20,"is_notes":null}
DEBUG - 2025-09-18 14:49:04 --> ItemScoreData to insert: {"is_id":"IS_68cbb970dd91f","es_id":"ES_68cbb9584d431","ri_id":"ri68cb8bd793967","is_score":"4","is_calculated_score":10,"is_notes":null}
DEBUG - 2025-09-18 14:49:04 --> ItemScoreData to insert: {"is_id":"IS_68cbb970ddaea","es_id":"ES_68cbb9584d431","ri_id":"ri68cb8bf0824f2","is_score":"4","is_calculated_score":10,"is_notes":null}
INFO - 2025-09-18 14:49:08 --> Session: Class initialized using 'CodeIgniter\Session\Handlers\FileHandler' driver.
DEBUG - 2025-09-18 14:49:08 --> Evaluator ID from session: 1
DEBUG - 2025-09-18 14:49:08 --> Evaluator data fetched: {"e_id":"1","e_first_name":"\u0e19\u0e32\u0e22\u0e1e\u0e07\u0e29\u0e4c\u0e28\u0e31\u0e01\u0e14\u0e34\u0e4c","e_last_name":"\u0e40\u0e07\u0e34\u0e19\u0e2a\u0e31\u0e19\u0e40\u0e17\u0e35\u0e22\u0e30","e_position":"\u0e1c\u0e39\u0e49\u0e2d\u0e33\u0e19\u0e27\u0e22\u0e01\u0e32\u0e23\u0e2a\u0e16\u0e32\u0e19\u0e28\u0e36\u0e01\u0e29\u0e32","e_academic_standing":"\u0e0a\u0e33\u0e19\u0e32\u0e0d\u0e01\u0e32\u0e23","e_organization":"\u0e42\u0e23\u0e07\u0e40\u0e23\u0e35\u0e22\u0e19\u0e2a\u0e27\u0e19\u0e01\u0e38\u0e2b\u0e25\u0e32\u0e1a\u0e27\u0e34\u0e17\u0e22\u0e32\u0e25\u0e31\u0e22 (\u0e08\u0e34\u0e23\u0e1b\u0e23\u0e30\u0e27\u0e31\u0e15\u0e34) \u0e19\u0e04\u0e23\u0e2a\u0e27\u0e23\u0e23\u0e04\u0e4c","e_Username":"pongsan","e_Password":"$2y$10$NOA8eaVIkbusZENy7SbrveRVrGDc0RoskEhI5FErcOVJwuzPPesLC"}
DEBUG - 2025-09-18 14:49:08 --> rawItemScores: {"ri68caa1a43791b":"1","ri68caa4db89793":"2","ri68caaeee70c4b":"3","ri68caab17ad4ea":"4","ri68caab3f7cba9":"3","ri68caab8b6aa92":"2","ri68caae9124210":"1","ri68caae020ab7c":"2","ri68cab2806113e":"2","ri68cb7c0c399a1":"3","ri68cb7d447f7fe":"3","ri68cb7f63f1a2b":"3","ri68cb7fad49b3f":"4","ri68cb7ff81f63b":"4","ri68cb801bb1e39":"4","ri68cb8b959524e":"4","ri68cb8bd793967":"4","ri68cb8bf0824f2":"4"}
INFO - 2025-09-18 14:49:20 --> Session: Class initialized using 'CodeIgniter\Session\Handlers\FileHandler' driver.
INFO - 2025-09-18 14:49:20 --> Session: Class initialized using 'CodeIgniter\Session\Handlers\FileHandler' driver.
INFO - 2025-09-18 15:10:17 --> Session: Class initialized using 'CodeIgniter\Session\Handlers\FileHandler' driver.
INFO - 2025-09-18 15:10:17 --> Session: Class initialized using 'CodeIgniter\Session\Handlers\FileHandler' driver.
INFO - 2025-09-18 15:10:19 --> Session: Class initialized using 'CodeIgniter\Session\Handlers\FileHandler' driver.
INFO - 2025-09-18 15:10:21 --> Session: Class initialized using 'CodeIgniter\Session\Handlers\FileHandler' driver.
INFO - 2025-09-18 15:10:22 --> Session: Class initialized using 'CodeIgniter\Session\Handlers\FileHandler' driver.
INFO - 2025-09-18 15:10:22 --> Session: Class initialized using 'CodeIgniter\Session\Handlers\FileHandler' driver.
INFO - 2025-09-18 15:10:23 --> Session: Class initialized using 'CodeIgniter\Session\Handlers\FileHandler' driver.
INFO - 2025-09-18 15:10:24 --> Session: Class initialized using 'CodeIgniter\Session\Handlers\FileHandler' driver.
INFO - 2025-09-18 15:10:26 --> Session: Class initialized using 'CodeIgniter\Session\Handlers\FileHandler' driver.
INFO - 2025-09-18 15:12:51 --> Session: Class initialized using 'CodeIgniter\Session\Handlers\FileHandler' driver.
INFO - 2025-09-18 15:12:51 --> Session: Class initialized using 'CodeIgniter\Session\Handlers\FileHandler' driver.
INFO - 2025-09-18 15:12:53 --> Session: Class initialized using 'CodeIgniter\Session\Handlers\FileHandler' driver.
INFO - 2025-09-18 15:12:54 --> Session: Class initialized using 'CodeIgniter\Session\Handlers\FileHandler' driver.
INFO - 2025-09-18 15:12:55 --> Session: Class initialized using 'CodeIgniter\Session\Handlers\FileHandler' driver.
INFO - 2025-09-18 15:12:56 --> Session: Class initialized using 'CodeIgniter\Session\Handlers\FileHandler' driver.
INFO - 2025-09-18 15:12:56 --> Session: Class initialized using 'CodeIgniter\Session\Handlers\FileHandler' driver.
INFO - 2025-09-18 15:12:57 --> Session: Class initialized using 'CodeIgniter\Session\Handlers\FileHandler' driver.
INFO - 2025-09-18 15:12:59 --> Session: Class initialized using 'CodeIgniter\Session\Handlers\FileHandler' driver.
